[{"model": "auth.user", "fields": {"password": "pbkdf2_sha256$1000000$Y66vP0pFvuEC6iUN4LBOcO$F2atsKH1hE81QOGwWr3kfFIhaxie4CrxWOQwUiARRzw=", "last_login": "2026-04-21T07:38:41.064Z", "is_superuser": true, "username": "john", "first_name": "", "last_name": "", "email": "johnmarkomale200@gmail.com", "is_staff": true, "is_active": true, "date_joined": "2026-04-15T23:58:23.040Z", "groups": [], "user_permissions": []}}, {"model": "auth.user", "fields": {"password": "pbkdf2_sha256$1200000$38sjkX0Bhr88RQhYsKTMPz$eOEIM5fi4MLH7fncwTzfNTmKGzM5hW665/HuHonQ174=", "last_login": "2026-04-25T12:56:59.115Z", "is_superuser": true, "username": "waterbill", "first_name": "", "last_name": "", "email": "johnmarkomale200@gmail.com", "is_staff": true, "is_active": true, "date_joined": "2026-04-21T05:57:47.522Z", "groups": [], "user_permissions": []}}, {"model": "auth.user", "fields": {"password": "pbkdf2_sha256$1200000$mwf4lA8dyC5NrCw4MImlqg$lAYSCi+I5D4p1zln/zUT3o33dJqRmPezSaI+/KjLH7I=", "last_login": "2026-04-29T13:51:09.643Z", "is_superuser": false, "username": "jingky", "first_name": "", "last_name": "", "email": "johnmarkomle@gmail.com", "is_staff": false, "is_active": true, "date_joined": "2026-04-21T07:19:01.733Z", "groups": [], "user_permissions": []}}, {"model": "auth.user", "fields": {"password": "pbkdf2_sha256$1200000$WmQS29fppVWiVLDiB7czsm$YrCJLZBmyHyLf+QjZhrAeT1Ss2F9mbbtTQ2vp6crMgI=", "last_login": "2026-04-29T13:55:39.522Z", "is_superuser": false, "username": "secretary", "first_name": "Secretary", "last_name": "User", "email": "johnmarkomale200@gmail.com", "is_staff": false, "is_active": true, "date_joined": "2026-04-21T07:25:07.459Z", "groups": [], "user_permissions": []}}, {"model": "auth.user", "fields": {"password": "pbkdf2_sha256$1200000$S9Nhx8OEYCoHhykuLeHVCc$+uEKgwmUCw3ER2r2vqI3T6NemmUb2iMvFwU+QbAq+bQ=", "last_login": "2026-04-29T13:53:42.045Z", "is_superuser": false, "username": "treasurer", "first_name": "Treasurer", "last_name": "User", "email": "johnmarkomale200@gmail.com", "is_staff": false, "is_active": true, "date_joined": "2026-04-21T07:25:08.113Z", "groups": [], "user_permissions": []}}, {"model": "auth.user", "fields": {"password": "pbkdf2_sha256$1200000$FEP7xe2fchfxMR0ojyEQIU$fbzicl/08C3VrHddoOnKJ96AhVY1VDUVbS20FopsjP4=", "last_login": "2026-04-29T13:53:22.302Z", "is_superuser": false, "username": "reader", "first_name": "Reading", "last_name": "Panel User", "email": "johnmarkomale200@gmail.com", "is_staff": false, "is_active": true, "date_joined": "2026-04-21T07:25:08.812Z", "groups": [], "user_permissions": []}}, {"model": "auth.user", "fields": {"password": "pbkdf2_sha256$1200000$bfvKilffwfSniATU1HOuVj$G8VPs8uscKLHSqTolsu1OEZiqi0Zq7D79FEWysO3v7E=", "last_login": "2026-04-29T13:45:10.576Z", "is_superuser": true, "username": "waterbilling", "first_name": "", "last_name": "", "email": "johnmarkomale200@gmail.com", "is_staff": true, "is_active": true, "date_joined": "2026-04-21T07:35:20.750Z", "groups": [], "user_permissions": []}}, {"model": "auth.user", "fields": {"password": "pbkdf2_sha256$1200000$NYxNhPRgqo6bxvq1UOUS6d$ArjReKPQrKmbuGUoazRCQWF78bbw7CnBEemnExbK8eE=", "last_login": "2026-04-28T23:09:05.159Z", "is_superuser": false, "username": "nuique123", "first_name": "", "last_name": "", "email": "johnmarkomale200@gmail.com", "is_staff": false, "is_active": true, "date_joined": "2026-04-21T08:22:55.478Z", "groups": [], "user_permissions": []}}, {"model": "auth.user", "fields": {"password": "pbkdf2_sha256$1200000$bULn2NNycBGwZH6mwpmInX$ePYp9sYE2Mu/mUzkAgTwTVS4CDPtt9MgQGLfBbkyf5Q=", "last_login": "2026-04-28T00:00:47.251Z", "is_superuser": false, "username": "ang", "first_name": "", "last_name": "", "email": "angelitofeliciano143@gmail.com", "is_staff": false, "is_active": true, "date_joined": "2026-04-28T00:00:34.813Z", "groups": [], "user_permissions": []}}, {"model": "billing.consumerprofile", "pk": 1, "fields": {"user": ["waterbill"], "full_name": "John Mark Omale", "email": "johnmarkomale200@gmail.com", "contact": "095524797764", "address": "Basay", "role": "admin", "photo": "", "created_at": "2026-04-21T05:59:08.611Z"}}, {"model": "billing.consumerprofile", "pk": 2, "fields": {"user": ["john"], "full_name": "john", "email": "johnmarkomale200@gmail.com", "contact": "", "address": "", "role": "admin", "photo": "", "created_at": "2026-04-21T07:10:35.836Z"}}, {"model": "billing.consumerprofile", "pk": 17, "fields": {"user": ["jingky"], "full_name": "jingkysagang", "email": "johnmarkomle@gmail.com", "contact": "+6395524797764", "address": "Basay", "role": "consumer", "photo": "profiles/678264009_2843798949291361_2345353550272683249_n.jpg", "created_at": "2026-04-21T07:19:02.338Z"}}, {"model": "billing.consumerprofile", "pk": 18, "fields": {"user": ["secretary"], "full_name": "Secretary", "email": "johnmarkomale200@gmail.com", "contact": "+639683167617", "address": "Basay", "role": "secretary", "photo": "profiles/images_1_A7Rifna.png", "created_at": "2026-04-21T07:25:21.300Z"}}, {"model": "billing.consumerprofile", "pk": 19, "fields": {"user": ["treasurer"], "full_name": "Treasurer", "email": "johnmarkomale200@gmail.com", "contact": "+639683167617", "address": "Basay", "role": "treasurer", "photo": "profiles/images_1_KGGLoKS.png", "created_at": "2026-04-21T07:25:21.896Z"}}, {"model": "billing.consumerprofile", "pk": 20, "fields": {"user": ["reader"], "full_name": "Reader", "email": "johnmarkomale200@gmail.com", "contact": "+639552479764", "address": "zone 5 tabuan", "role": "reader", "photo": "profiles/images_1.png", "created_at": "2026-04-21T07:25:22.553Z"}}, {"model": "billing.consumerprofile", "pk": 21, "fields": {"user": ["nuique123"], "full_name": "john mark joseph", "email": "johnmarkomale200@gmail.com", "contact": "+6395524797764", "address": "Basay", "role": "consumer", "photo": "profiles/668566964_1512753353542969_5415219348302808409_n_6kTqeNc.jpg", "created_at": "2026-04-21T08:22:56.810Z"}}, {"model": "billing.consumerprofile", "pk": 22, "fields": {"user": ["waterbilling"], "full_name": "Admin", "email": "johnmarkomale200@gmail.com", "contact": "+639683167617", "address": "Basay", "role": "admin", "photo": "profiles/images_1_VeNoxUb.png", "created_at": "2026-04-21T08:26:01.640Z"}}, {"model": "billing.consumerprofile", "pk": 23, "fields": {"user": ["ang"], "full_name": "angelito", "email": "angelitofeliciano143@gmail.com", "contact": "+639683167617", "address": "Basay", "role": "consumer", "photo": "profiles/678264009_2843798949291361_2345353550272683249_n_QcGkysV.jpg", "created_at": "2026-04-28T00:00:36.214Z"}}, {"model": "billing.consumer", "pk": 1, "fields": {"profile": 1, "full_name": "John Mark Omale", "address": "Basay", "contact_number": "+639525270172", "status": "active", "photo": "consumers/john.png", "created_at": "2026-04-21T05:59:19.674Z"}}, {"model": "billing.consumer", "pk": 7, "fields": {"profile": 17, "full_name": "jingkysagang", "address": "Basay", "contact_number": "+6395524797764", "status": "active", "photo": "profiles/678264009_2843798949291361_2345353550272683249_n.jpg", "created_at": "2026-04-21T07:19:02.344Z"}}, {"model": "billing.consumer", "pk": 8, "fields": {"profile": 21, "full_name": "john mark joseph", "address": "Basay", "contact_number": "+6395524797764", "status": "active", "photo": "profiles/668566964_1512753353542969_5415219348302808409_n_6kTqeNc.jpg", "created_at": "2026-04-21T08:22:56.817Z"}}, {"model": "billing.consumer", "pk": 9, "fields": {"profile": 23, "full_name": "angelito", "address": "Basay", "contact_number": "+639683167617", "status": "active", "photo": "profiles/678264009_2843798949291361_2345353550272683249_n_QcGkysV.jpg", "created_at": "2026-04-28T00:00:36.221Z"}}, {"model": "billing.consumer", "pk": 10, "fields": {"profile": null, "full_name": "angelita Omale", "address": "Basay", "contact_number": "+639683167617", "status": "active", "photo": "consumers/images_1.png", "created_at": "2026-04-28T12:28:45.964Z"}}, {"model": "billing.consumer", "pk": 11, "fields": {"profile": null, "full_name": "Theme Check", "address": "", "contact_number": "", "status": "active", "photo": "", "created_at": "2026-04-29T12:57:21.010Z"}}, {"model": "billing.systemsettings", "pk": 1, "fields": {"rate_per_m3": "8.00", "billing_due_days": 30, "enable_cash_payments": true, "enable_online_payments": true, "notify_by_email": true, "notify_by_sms": true, "payment_gateway_notes": "", "updated_at": "2026-04-29T04:50:18.903Z"}}, {"model": "billing.billingrecord", "pk": 13, "fields": {"consumer": 1, "billing_month": "2026-04-01", "previous_reading": "0.00", "current_reading": "15.00", "usage_m3": "15.00", "rate_per_m3": "12.00", "total_amount": "180.00", "amount_paid": "0.00", "status": "pending", "billing_date": "2026-04-29", "due_date": "2026-05-14", "created_at": "2026-04-29T03:03:43.448Z"}}, {"model": "billing.billingrecord", "pk": 14, "fields": {"consumer": 7, "billing_month": "2026-04-01", "previous_reading": "0.00", "current_reading": "25.00", "usage_m3": "25.00", "rate_per_m3": "12.00", "total_amount": "300.00", "amount_paid": "300.00", "status": "paid", "billing_date": "2026-04-29", "due_date": "2026-05-14", "created_at": "2026-04-29T03:04:13.251Z"}}, {"model": "billing.payment", "pk": 14, "fields": {"consumer": 7, "billing": 14, "payment_method": "online", "payment_option": "full", "amount_paid": "300.00", "discount_amount": "0.00", "payment_date": "2026-04-29", "covered_month": "2026-04-01", "status": "completed", "reference_number": "pi_LHyYfw5cxXhmmed4TwYtT3S6", "gateway": "paymongo", "gateway_reference": "pi_LHyYfw5cxXhmmed4TwYtT3S6", "gateway_payment_id": "pay_FoP1WBB29aWXWBmUWDGdhPbi", "gateway_status": "paid", "gateway_redirect_url": "https://secure-authentication.paymongo.com/sources?id=src_kmttpv5EoYw2EsBUHu4SRZqY", "gateway_response": {"payment_intent": {"id": "pi_LHyYfw5cxXhmmed4TwYtT3S6", "type": "payment_intent", "attributes": {"amount": 30000, "capture_type": "automatic", "client_key": "pi_LHyYfw5cxXhmmed4TwYtT3S6_client_db1fsTnma8iQZuBreJwLy7Tm", "currency": "PHP", "description": "Tabuan Water Billing payment for jingkysagang", "livemode": false, "original_amount": 30000, "statement_descriptor": "TABUAN WATER", "status": "succeeded", "last_payment_error": null, "payment_method_allowed": ["paymaya"], "payments": [{"id": "pay_FoP1WBB29aWXWBmUWDGdhPbi", "type": "payment", "attributes": {"access_url": null, "amount": 30000, "balance_transaction_id": "bal_txn_TujJFg25PmwMbA9yTbJ8Vuwa", "billing": {"address": {"city": null, "country": null, "line1": null, "line2": null, "postal_code": null, "state": null}, "email": "jingkysagang02@gmail.com", "name": "jingkysagang", "phone": "+6395524797764"}, "currency": "PHP", "description": "Tabuan Water Billing payment for jingkysagang", "digital_withholding_vat_amount": 0, "disputed": false, "external_reference_number": null, "fee": 600, "instant_settlement": null, "livemode": false, "net_amount": 29400, "origin": "api", "payment_intent_id": "pi_LHyYfw5cxXhmmed4TwYtT3S6", "payout": null, "source": {"id": "paymaya_TEuttasHwRDVScbFYoztFdhy", "type": "paymaya", "provider": {"id": null}, "provider_id": null}, "statement_descriptor": "TABUAN WATER", "status": "paid", "tax_amount": null, "metadata": {"billing_id": "14", "consumer_id": "7", "payment_id": "14", "billing_month": "April 2026", "cancel_url": "http://127.0.0.1:8000/payments/paymongo/14/cancel/"}, "promotion": null, "refunds": [], "taxes": [], "available_at": 1777626000, "created_at": 1777432080, "credited_at": 1777856400, "paid_at": 1777432081, "updated_at": 1777432081}}], "next_action": null, "payment_method_options": null, "metadata": {"billing_month": "April 2026", "payment_id": "14", "billing_id": "14", "cancel_url": "http://127.0.0.1:8000/payments/paymongo/14/cancel/", "consumer_id": "7"}, "setup_future_usage": null, "created_at": 1777432071, "updated_at": 1777432081}}, "details": {"intent_id": "pi_LHyYfw5cxXhmmed4TwYtT3S6", "intent_status": "succeeded", "payment_id": "pay_FoP1WBB29aWXWBmUWDGdhPbi", "payment_status": "paid", "amount": 30000, "amount_received": null, "paid_at": 1777432081, "last_payment_error": {}}}, "created_at": "2026-04-29T03:07:49.575Z"}}, {"model": "billing.meterreading", "pk": 7, "fields": {"consumer": 1, "reading_date": "2026-04-29", "billing_month": "2026-04-01", "previous_reading": "0.00", "current_reading": "15.00", "usage_m3": "15.00", "notes": "", "submitted_by": ["reader"], "created_at": "2026-04-29T03:03:43.438Z", "updated_at": "2026-04-29T03:03:43.438Z"}}, {"model": "billing.meterreading", "pk": 8, "fields": {"consumer": 7, "reading_date": "2026-04-29", "billing_month": "2026-04-01", "previous_reading": "0.00", "current_reading": "25.00", "usage_m3": "25.00", "notes": "", "submitted_by": ["reader"], "created_at": "2026-04-29T03:04:13.245Z", "updated_at": "2026-04-29T03:04:13.245Z"}}, {"model": "billing.notification", "pk": 349, "fields": {"recipient": ["john"], "consumer": 1, "billing": 13, "payment": null, "meter_reading": 7, "channel": "in_app", "notification_type": "reading", "title": "New meter reading submitted", "message": "New meter reading for John Mark Omale: current reading 15, usage 15 cubic meters.", "status": "sent", "is_read": false, "response_message": "", "created_at": "2026-04-29T03:03:43.466Z"}}, {"model": "billing.notification", "pk": 350, "fields": {"recipient": ["waterbill"], "consumer": 1, "billing": 13, "payment": null, "meter_reading": 7, "channel": "in_app", "notification_type": "reading", "title": "New meter reading submitted", "message": "New meter reading for John Mark Omale: current reading 15, usage 15 cubic meters.", "status": "sent", "is_read": false, "response_message": "", "created_at": "2026-04-29T03:03:43.472Z"}}, {"model": "billing.notification", "pk": 351, "fields": {"recipient": ["secretary"], "consumer": 1, "billing": 13, "payment": null, "meter_reading": 7, "channel": "in_app", "notification_type": "reading", "title": "New meter reading submitted", "message": "New meter reading for John Mark Omale: current reading 15, usage 15 cubic meters.", "status": "sent", "is_read": false, "response_message": "", "created_at": "2026-04-29T03:03:43.476Z"}}, {"model": "billing.notification", "pk": 352, "fields": {"recipient": ["waterbilling"], "consumer": 1, "billing": 13, "payment": null, "meter_reading": 7, "channel": "in_app", "notification_type": "reading", "title": "New meter reading submitted", "message": "New meter reading for John Mark Omale: current reading 15, usage 15 cubic meters.", "status": "sent", "is_read": false, "response_message": "", "created_at": "2026-04-29T03:03:43.480Z"}}, {"model": "billing.notification", "pk": 353, "fields": {"recipient": ["waterbill"], "consumer": 1, "billing": 13, "payment": null, "meter_reading": 7, "channel": "in_app", "notification_type": "reading", "title": "New meter reading recorded", "message": "Tabuan Water Billing System\nSystem v1.26 | 2026 | Created by Omale J Ohn\n\nMeter Reading Statement\nDear John Mark Omale, your latest meter reading has been posted and your billing record has been updated.\n\nDetails:\n- Billing Month: April 2026\n- Previous Reading: 0 m3\n- Current Reading: 15 m3\n- Usage: 15 m3\n- Due Date: May 14, 2026\n\nTOTAL DUE: PHP 180.00\n\nPlease settle your bill on or before the due date to avoid penalties.\n\nThank you for Choosing Tabuan Water Billing.", "status": "sent", "is_read": false, "response_message": "", "created_at": "2026-04-29T03:03:43.488Z"}}, {"model": "billing.notification", "pk": 354, "fields": {"recipient": null, "consumer": 1, "billing": 13, "payment": null, "meter_reading": 7, "channel": "email", "notification_type": "reading", "title": "New meter reading recorded", "message": "Tabuan Water Billing System\nSystem v1.26 | 2026 | Created by Omale J Ohn\n\nMeter Reading Statement\nDear John Mark Omale, your latest meter reading has been posted and your billing record has been updated.\n\nDetails:\n- Billing Month: April 2026\n- Previous Reading: 0 m3\n- Current Reading: 15 m3\n- Usage: 15 m3\n- Due Date: May 14, 2026\n\nTOTAL DUE: PHP 180.00\n\nPlease settle your bill on or before the due date to avoid penalties.\n\nThank you for Choosing Tabuan Water Billing.", "status": "sent", "is_read": true, "response_message": "SMTP email sent to johnmarkomale200@gmail.com.", "created_at": "2026-04-29T03:03:48.873Z"}}, {"model": "billing.notification", "pk": 355, "fields": {"recipient": null, "consumer": 1, "billing": 13, "payment": null, "meter_reading": 7, "channel": "sms", "notification_type": "reading", "title": "SMS Notification", "message": "Tabuan Water Billing: Reading posted for Apr 2026. Usage 15 m3. Amount due PHP 180.00. Due May 14, 2026.", "status": "sent", "is_read": true, "response_message": "SMS API PH accepted the SMS for +639525270172", "created_at": "2026-04-29T03:03:52.079Z"}}, {"model": "billing.notification", "pk": 356, "fields": {"recipient": ["john"], "consumer": 7, "billing": 14, "payment": null, "meter_reading": 8, "channel": "in_app", "notification_type": "reading", "title": "New meter reading submitted", "message": "New meter reading for jingkysagang: current reading 25, usage 25 cubic meters.", "status": "sent", "is_read": false, "response_message": "", "created_at": "2026-04-29T03:04:13.260Z"}}, {"model": "billing.notification", "pk": 357, "fields": {"recipient": ["waterbill"], "consumer": 7, "billing": 14, "payment": null, "meter_reading": 8, "channel": "in_app", "notification_type": "reading", "title": "New meter reading submitted", "message": "New meter reading for jingkysagang: current reading 25, usage 25 cubic meters.", "status": "sent", "is_read": false, "response_message": "", "created_at": "2026-04-29T03:04:13.265Z"}}, {"model": "billing.notification", "pk": 358, "fields": {"recipient": ["secretary"], "consumer": 7, "billing": 14, "payment": null, "meter_reading": 8, "channel": "in_app", "notification_type": "reading", "title": "New meter reading submitted", "message": "New meter reading for jingkysagang: current reading 25, usage 25 cubic meters.", "status": "sent", "is_read": false, "response_message": "", "created_at": "2026-04-29T03:04:13.269Z"}}, {"model": "billing.notification", "pk": 359, "fields": {"recipient": ["waterbilling"], "consumer": 7, "billing": 14, "payment": null, "meter_reading": 8, "channel": "in_app", "notification_type": "reading", "title": "New meter reading submitted", "message": "New meter reading for jingkysagang: current reading 25, usage 25 cubic meters.", "status": "sent", "is_read": false, "response_message": "", "created_at": "2026-04-29T03:04:13.273Z"}}, {"model": "billing.notification", "pk": 360, "fields": {"recipient": ["jingky"], "consumer": 7, "billing": 14, "payment": null, "meter_reading": 8, "channel": "in_app", "notification_type": "reading", "title": "New meter reading recorded", "message": "Tabuan Water Billing System\nSystem v1.26 | 2026 | Created by Omale J Ohn\n\nMeter Reading Statement\nDear jingkysagang, your latest meter reading has been posted and your billing record has been updated.\n\nDetails:\n- Billing Month: April 2026\n- Previous Reading: 0 m3\n- Current Reading: 25 m3\n- Usage: 25 m3\n- Due Date: May 14, 2026\n\nTOTAL DUE: PHP 300.00\n\nPlease settle your bill on or before the due date to avoid penalties.\n\nThank you for Choosing Tabuan Water Billing.", "status": "sent", "is_read": true, "response_message": "", "created_at": "2026-04-29T03:04:13.279Z"}}, {"model": "billing.notification", "pk": 361, "fields": {"recipient": null, "consumer": 7, "billing": 14, "payment": null, "meter_reading": 8, "channel": "email", "notification_type": "reading", "title": "New meter reading recorded", "message": "Tabuan Water Billing System\nSystem v1.26 | 2026 | Created by Omale J Ohn\n\nMeter Reading Statement\nDear jingkysagang, your latest meter reading has been posted and your billing record has been updated.\n\nDetails:\n- Billing Month: April 2026\n- Previous Reading: 0 m3\n- Current Reading: 25 m3\n- Usage: 25 m3\n- Due Date: May 14, 2026\n\nTOTAL DUE: PHP 300.00\n\nPlease settle your bill on or before the due date to avoid penalties.\n\nThank you for Choosing Tabuan Water Billing.", "status": "sent", "is_read": true, "response_message": "SMTP email sent to jingkysagang02@gmail.com.", "created_at": "2026-04-29T03:04:18.437Z"}}, {"model": "billing.notification", "pk": 362, "fields": {"recipient": null, "consumer": 7, "billing": 14, "payment": null, "meter_reading": 8, "channel": "sms", "notification_type": "reading", "title": "SMS Notification", "message": "Tabuan Water Billing: Reading posted for Apr 2026. Usage 25 m3. Amount due PHP 300.00. Due May 14, 2026.", "status": "sent", "is_read": true, "response_message": "SMS API PH accepted the SMS for +6395524797764", "created_at": "2026-04-29T03:04:20.430Z"}}, {"model": "billing.notification", "pk": 363, "fields": {"recipient": ["john"], "consumer": 7, "billing": 14, "payment": 14, "meter_reading": null, "channel": "in_app", "notification_type": "payment", "title": "New online payment started by consumer", "message": "jingkysagang started an online PayMongo payment of PHP 300.00.", "status": "sent", "is_read": false, "response_message": "", "created_at": "2026-04-29T03:07:51.966Z"}}, {"model": "billing.notification", "pk": 364, "fields": {"recipient": ["waterbill"], "consumer": 7, "billing": 14, "payment": 14, "meter_reading": null, "channel": "in_app", "notification_type": "payment", "title": "New online payment started by consumer", "message": "jingkysagang started an online PayMongo payment of PHP 300.00.", "status": "sent", "is_read": false, "response_message": "", "created_at": "2026-04-29T03:07:51.976Z"}}, {"model": "billing.notification", "pk": 365, "fields": {"recipient": ["secretary"], "consumer": 7, "billing": 14, "payment": 14, "meter_reading": null, "channel": "in_app", "notification_type": "payment", "title": "New online payment started by consumer", "message": "jingkysagang started an online PayMongo payment of PHP 300.00.", "status": "sent", "is_read": false, "response_message": "", "created_at": "2026-04-29T03:07:51.982Z"}}, {"model": "billing.notification", "pk": 366, "fields": {"recipient": ["treasurer"], "consumer": 7, "billing": 14, "payment": 14, "meter_reading": null, "channel": "in_app", "notification_type": "payment", "title": "New online payment started by consumer", "message": "jingkysagang started an online PayMongo payment of PHP 300.00.", "status": "sent", "is_read": false, "response_message": "", "created_at": "2026-04-29T03:07:51.987Z"}}, {"model": "billing.notification", "pk": 367, "fields": {"recipient": ["waterbilling"], "consumer": 7, "billing": 14, "payment": 14, "meter_reading": null, "channel": "in_app", "notification_type": "payment", "title": "New online payment started by consumer", "message": "jingkysagang started an online PayMongo payment of PHP 300.00.", "status": "sent", "is_read": false, "response_message": "", "created_at": "2026-04-29T03:07:51.997Z"}}, {"model": "billing.notification", "pk": 368, "fields": {"recipient": ["jingky"], "consumer": 7, "billing": 14, "payment": 14, "meter_reading": null, "channel": "in_app", "notification_type": "payment", "title": "Payment status update", "message": "Tabuan Water Billing System\nSystem v1.26 | 2026 | Created by Omale J Ohn\n\nPayment Confirmation\nDear jingkysagang, this confirms the latest status of your water billing payment.\n\nDetails:\n- Covered Month: April 2026\n- Payment Date: April 29, 2026\n- Payment Method: Online Payment\n- Payment Option: Full Payment\n- Payment Status: Completed\n- Reference Number: pi_LHyYfw5cxXhmmed4TwYtT3S6\n- Discount Applied: PHP 0.00\n\nAMOUNT PAID: PHP 300.00\n\nPlease keep this confirmation for your records.\n\nThank you for Choosing Tabuan Water Billing.", "status": "sent", "is_read": true, "response_message": "", "created_at": "2026-04-29T03:08:02.662Z"}}, {"model": "billing.notification", "pk": 369, "fields": {"recipient": null, "consumer": 7, "billing": 14, "payment": 14, "meter_reading": null, "channel": "email", "notification_type": "payment", "title": "Payment status update", "message": "Tabuan Water Billing System\nSystem v1.26 | 2026 | Created by Omale J Ohn\n\nPayment Confirmation\nDear jingkysagang, this confirms the latest status of your water billing payment.\n\nDetails:\n- Covered Month: April 2026\n- Payment Date: April 29, 2026\n- Payment Method: Online Payment\n- Payment Option: Full Payment\n- Payment Status: Completed\n- Reference Number: pi_LHyYfw5cxXhmmed4TwYtT3S6\n- Discount Applied: PHP 0.00\n\nAMOUNT PAID: PHP 300.00\n\nPlease keep this confirmation for your records.\n\nThank you for Choosing Tabuan Water Billing.", "status": "sent", "is_read": true, "response_message": "SMTP email sent to jingkysagang02@gmail.com.", "created_at": "2026-04-29T03:08:07.892Z"}}, {"model": "billing.notification", "pk": 370, "fields": {"recipient": null, "consumer": 7, "billing": 14, "payment": 14, "meter_reading": null, "channel": "sms", "notification_type": "payment", "title": "SMS Notification", "message": "Tabuan Water Billing: Payment for April 2026 is completed. Full Payment. Amount PHP 300.00. Ref: pi_LHyYfw5cxXhmmed4TwYtT3S6", "status": "sent", "is_read": true, "response_message": "SMS API PH accepted the SMS for +6395524797764", "created_at": "2026-04-29T03:08:10.833Z"}}, {"model": "billing.notification", "pk": 371, "fields": {"recipient": null, "consumer": 1, "billing": null, "payment": null, "meter_reading": null, "channel": "sms", "notification_type": "admin", "title": "SMS Notification", "message": "Dear Valued Customers, please be advised that there will be a scheduled water supply interruption today, Wednesday, April 29, 2026, from 12 PM to 8 PM to facilitate urgent maintenance on our main distribution lines in the Tabuan zone 5 . We kindly request that you store sufficient water for your essential needs before the noon deadline and ensure all taps are turned off to prevent flooding when the supply returns. Please note that this temporary disruption will not affect your upcoming billing cycle, and any estimated meter readings will be adjusted accordingly once service is fully restored. We sincerely apologize for this inconvenience and appreciate your patience as we work to improve the reliability of our water infrastructure.", "status": "sent", "is_read": true, "response_message": "SMS API PH accepted the SMS for +639525270172", "created_at": "2026-04-29T04:16:42.453Z"}}, {"model": "billing.notification", "pk": 372, "fields": {"recipient": ["waterbill"], "consumer": 1, "billing": null, "payment": null, "meter_reading": null, "channel": "in_app", "notification_type": "admin", "title": "Message from the water billing office", "message": "Dear Valued Customers, please be advised that there will be a scheduled water supply interruption today, Wednesday, April 29, 2026, from 12 PM to 8 PM to facilitate urgent maintenance on our main distribution lines in the Tabuan zone 5 . We kindly request that you store sufficient water for your essential needs before the noon deadline and ensure all taps are turned off to prevent flooding when the supply returns. Please note that this temporary disruption will not affect your upcoming billing cycle, and any estimated meter readings will be adjusted accordingly once service is fully restored. We sincerely apologize for this inconvenience and appreciate your patience as we work to improve the reliability of our water infrastructure.", "status": "sent", "is_read": false, "response_message": "", "created_at": "2026-04-29T04:16:42.471Z"}}, {"model": "billing.notification", "pk": 373, "fields": {"recipient": null, "consumer": 10, "billing": null, "payment": null, "meter_reading": null, "channel": "sms", "notification_type": "admin", "title": "SMS Notification", "message": "Dear Valued Customers, please be advised that there will be a scheduled water supply interruption today, Wednesday, April 29, 2026, from 12 PM to 8 PM to facilitate urgent maintenance on our main distribution lines in the Tabuan zone 5 . We kindly request that you store sufficient water for your essential needs before the noon deadline and ensure all taps are turned off to prevent flooding when the supply returns. Please note that this temporary disruption will not affect your upcoming billing cycle, and any estimated meter readings will be adjusted accordingly once service is fully restored. We sincerely apologize for this inconvenience and appreciate your patience as we work to improve the reliability of our water infrastructure.", "status": "sent", "is_read": true, "response_message": "SMS API PH accepted the SMS for +639683167617", "created_at": "2026-04-29T04:16:44.701Z"}}, {"model": "billing.notification", "pk": 374, "fields": {"recipient": null, "consumer": 9, "billing": null, "payment": null, "meter_reading": null, "channel": "sms", "notification_type": "admin", "title": "SMS Notification", "message": "Dear Valued Customers, please be advised that there will be a scheduled water supply interruption today, Wednesday, April 29, 2026, from 12 PM to 8 PM to facilitate urgent maintenance on our main distribution lines in the Tabuan zone 5 . We kindly request that you store sufficient water for your essential needs before the noon deadline and ensure all taps are turned off to prevent flooding when the supply returns. Please note that this temporary disruption will not affect your upcoming billing cycle, and any estimated meter readings will be adjusted accordingly once service is fully restored. We sincerely apologize for this inconvenience and appreciate your patience as we work to improve the reliability of our water infrastructure.", "status": "sent", "is_read": true, "response_message": "SMS API PH accepted the SMS for +639683167617", "created_at": "2026-04-29T04:16:47.772Z"}}, {"model": "billing.notification", "pk": 375, "fields": {"recipient": ["ang"], "consumer": 9, "billing": null, "payment": null, "meter_reading": null, "channel": "in_app", "notification_type": "admin", "title": "Message from the water billing office", "message": "Dear Valued Customers, please be advised that there will be a scheduled water supply interruption today, Wednesday, April 29, 2026, from 12 PM to 8 PM to facilitate urgent maintenance on our main distribution lines in the Tabuan zone 5 . We kindly request that you store sufficient water for your essential needs before the noon deadline and ensure all taps are turned off to prevent flooding when the supply returns. Please note that this temporary disruption will not affect your upcoming billing cycle, and any estimated meter readings will be adjusted accordingly once service is fully restored. We sincerely apologize for this inconvenience and appreciate your patience as we work to improve the reliability of our water infrastructure.", "status": "sent", "is_read": false, "response_message": "", "created_at": "2026-04-29T04:16:47.784Z"}}, {"model": "billing.notification", "pk": 376, "fields": {"recipient": null, "consumer": 7, "billing": null, "payment": null, "meter_reading": null, "channel": "sms", "notification_type": "admin", "title": "SMS Notification", "message": "Dear Valued Customers, please be advised that there will be a scheduled water supply interruption today, Wednesday, April 29, 2026, from 12 PM to 8 PM to facilitate urgent maintenance on our main distribution lines in the Tabuan zone 5 . We kindly request that you store sufficient water for your essential needs before the noon deadline and ensure all taps are turned off to prevent flooding when the supply returns. Please note that this temporary disruption will not affect your upcoming billing cycle, and any estimated meter readings will be adjusted accordingly once service is fully restored. We sincerely apologize for this inconvenience and appreciate your patience as we work to improve the reliability of our water infrastructure.", "status": "sent", "is_read": true, "response_message": "SMS API PH accepted the SMS for +6395524797764", "created_at": "2026-04-29T04:16:49.922Z"}}, {"model": "billing.notification", "pk": 377, "fields": {"recipient": ["jingky"], "consumer": 7, "billing": null, "payment": null, "meter_reading": null, "channel": "in_app", "notification_type": "admin", "title": "Message from the water billing office", "message": "Dear Valued Customers, please be advised that there will be a scheduled water supply interruption today, Wednesday, April 29, 2026, from 12 PM to 8 PM to facilitate urgent maintenance on our main distribution lines in the Tabuan zone 5 . We kindly request that you store sufficient water for your essential needs before the noon deadline and ensure all taps are turned off to prevent flooding when the supply returns. Please note that this temporary disruption will not affect your upcoming billing cycle, and any estimated meter readings will be adjusted accordingly once service is fully restored. We sincerely apologize for this inconvenience and appreciate your patience as we work to improve the reliability of our water infrastructure.", "status": "sent", "is_read": true, "response_message": "", "created_at": "2026-04-29T04:16:49.937Z"}}, {"model": "billing.notification", "pk": 378, "fields": {"recipient": null, "consumer": 1, "billing": null, "payment": null, "meter_reading": null, "channel": "email", "notification_type": "admin", "title": "Scheduled Water Disruption", "message": "Dear Valued Customers, please be advised that there will be a scheduled water supply interruption today, Wednesday, April 29, 2026, from 12 PM to 8 PM to facilitate urgent maintenance on our main distribution lines in the Tabuan zone 5 . We kindly request that you store sufficient water for your essential needs before the noon deadline and ensure all taps are turned off to prevent flooding when the supply returns. Please note that this temporary disruption will not affect your upcoming billing cycle, and any estimated meter readings will be adjusted accordingly once service is fully restored. We sincerely apologize for this inconvenience and appreciate your patience as we work to improve the reliability of our water infrastructure.", "status": "sent", "is_read": true, "response_message": "SMTP email sent to johnmarkomale200@gmail.com.", "created_at": "2026-04-29T04:16:51.561Z"}}, {"model": "billing.notification", "pk": 379, "fields": {"recipient": ["waterbill"], "consumer": 1, "billing": null, "payment": null, "meter_reading": null, "channel": "in_app", "notification_type": "admin", "title": "Scheduled Water Disruption", "message": "Dear Valued Customers, please be advised that there will be a scheduled water supply interruption today, Wednesday, April 29, 2026, from 12 PM to 8 PM to facilitate urgent maintenance on our main distribution lines in the Tabuan zone 5 . We kindly request that you store sufficient water for your essential needs before the noon deadline and ensure all taps are turned off to prevent flooding when the supply returns. Please note that this temporary disruption will not affect your upcoming billing cycle, and any estimated meter readings will be adjusted accordingly once service is fully restored. We sincerely apologize for this inconvenience and appreciate your patience as we work to improve the reliability of our water infrastructure.", "status": "sent", "is_read": false, "response_message": "", "created_at": "2026-04-29T04:16:51.577Z"}}, {"model": "billing.notification", "pk": 380, "fields": {"recipient": null, "consumer": 10, "billing": null, "payment": null, "meter_reading": null, "channel": "email", "notification_type": "admin", "title": "Scheduled Water Disruption", "message": "Dear Valued Customers, please be advised that there will be a scheduled water supply interruption today, Wednesday, April 29, 2026, from 12 PM to 8 PM to facilitate urgent maintenance on our main distribution lines in the Tabuan zone 5 . We kindly request that you store sufficient water for your essential needs before the noon deadline and ensure all taps are turned off to prevent flooding when the supply returns. Please note that this temporary disruption will not affect your upcoming billing cycle, and any estimated meter readings will be adjusted accordingly once service is fully restored. We sincerely apologize for this inconvenience and appreciate your patience as we work to improve the reliability of our water infrastructure.", "status": "failed", "is_read": true, "response_message": "No email address is configured for this consumer.", "created_at": "2026-04-29T04:16:51.587Z"}}, {"model": "billing.notification", "pk": 381, "fields": {"recipient": null, "consumer": 8, "billing": null, "payment": null, "meter_reading": null, "channel": "sms", "notification_type": "admin", "title": "SMS Notification", "message": "Dear Valued Customers, please be advised that there will be a scheduled water supply interruption today, Wednesday, April 29, 2026, from 12 PM to 8 PM to facilitate urgent maintenance on our main distribution lines in the Tabuan zone 5 . We kindly request that you store sufficient water for your essential needs before the noon deadline and ensure all taps are turned off to prevent flooding when the supply returns. Please note that this temporary disruption will not affect your upcoming billing cycle, and any estimated meter readings will be adjusted accordingly once service is fully restored. We sincerely apologize for this inconvenience and appreciate your patience as we work to improve the reliability of our water infrastructure.", "status": "sent", "is_read": true, "response_message": "SMS API PH accepted the SMS for +6395524797764", "created_at": "2026-04-29T04:16:52.702Z"}}, {"model": "billing.notification", "pk": 382, "fields": {"recipient": ["nuique123"], "consumer": 8, "billing": null, "payment": null, "meter_reading": null, "channel": "in_app", "notification_type": "admin", "title": "Message from the water billing office", "message": "Dear Valued Customers, please be advised that there will be a scheduled water supply interruption today, Wednesday, April 29, 2026, from 12 PM to 8 PM to facilitate urgent maintenance on our main distribution lines in the Tabuan zone 5 . We kindly request that you store sufficient water for your essential needs before the noon deadline and ensure all taps are turned off to prevent flooding when the supply returns. Please note that this temporary disruption will not affect your upcoming billing cycle, and any estimated meter readings will be adjusted accordingly once service is fully restored. We sincerely apologize for this inconvenience and appreciate your patience as we work to improve the reliability of our water infrastructure.", "status": "sent", "is_read": false, "response_message": "", "created_at": "2026-04-29T04:16:52.937Z"}}, {"model": "billing.notification", "pk": 383, "fields": {"recipient": null, "consumer": 9, "billing": null, "payment": null, "meter_reading": null, "channel": "email", "notification_type": "admin", "title": "Scheduled Water Disruption", "message": "Dear Valued Customers, please be advised that there will be a scheduled water supply interruption today, Wednesday, April 29, 2026, from 12 PM to 8 PM to facilitate urgent maintenance on our main distribution lines in the Tabuan zone 5 . We kindly request that you store sufficient water for your essential needs before the noon deadline and ensure all taps are turned off to prevent flooding when the supply returns. Please note that this temporary disruption will not affect your upcoming billing cycle, and any estimated meter readings will be adjusted accordingly once service is fully restored. We sincerely apologize for this inconvenience and appreciate your patience as we work to improve the reliability of our water infrastructure.", "status": "sent", "is_read": true, "response_message": "SMTP email sent to angelitofeliciano143@gmail.com.", "created_at": "2026-04-29T04:16:58.435Z"}}, {"model": "billing.notification", "pk": 384, "fields": {"recipient": ["ang"], "consumer": 9, "billing": null, "payment": null, "meter_reading": null, "channel": "in_app", "notification_type": "admin", "title": "Scheduled Water Disruption", "message": "Dear Valued Customers, please be advised that there will be a scheduled water supply interruption today, Wednesday, April 29, 2026, from 12 PM to 8 PM to facilitate urgent maintenance on our main distribution lines in the Tabuan zone 5 . We kindly request that you store sufficient water for your essential needs before the noon deadline and ensure all taps are turned off to prevent flooding when the supply returns. Please note that this temporary disruption will not affect your upcoming billing cycle, and any estimated meter readings will be adjusted accordingly once service is fully restored. We sincerely apologize for this inconvenience and appreciate your patience as we work to improve the reliability of our water infrastructure.", "status": "sent", "is_read": false, "response_message": "", "created_at": "2026-04-29T04:16:58.449Z"}}, {"model": "billing.notification", "pk": 385, "fields": {"recipient": null, "consumer": 7, "billing": null, "payment": null, "meter_reading": null, "channel": "email", "notification_type": "admin", "title": "Scheduled Water Disruption", "message": "Dear Valued Customers, please be advised that there will be a scheduled water supply interruption today, Wednesday, April 29, 2026, from 12 PM to 8 PM to facilitate urgent maintenance on our main distribution lines in the Tabuan zone 5 . We kindly request that you store sufficient water for your essential needs before the noon deadline and ensure all taps are turned off to prevent flooding when the supply returns. Please note that this temporary disruption will not affect your upcoming billing cycle, and any estimated meter readings will be adjusted accordingly once service is fully restored. We sincerely apologize for this inconvenience and appreciate your patience as we work to improve the reliability of our water infrastructure.", "status": "sent", "is_read": true, "response_message": "SMTP email sent to jingkysagang02@gmail.com.", "created_at": "2026-04-29T04:17:06.312Z"}}, {"model": "billing.notification", "pk": 386, "fields": {"recipient": ["jingky"], "consumer": 7, "billing": null, "payment": null, "meter_reading": null, "channel": "in_app", "notification_type": "admin", "title": "Scheduled Water Disruption", "message": "Dear Valued Customers, please be advised that there will be a scheduled water supply interruption today, Wednesday, April 29, 2026, from 12 PM to 8 PM to facilitate urgent maintenance on our main distribution lines in the Tabuan zone 5 . We kindly request that you store sufficient water for your essential needs before the noon deadline and ensure all taps are turned off to prevent flooding when the supply returns. Please note that this temporary disruption will not affect your upcoming billing cycle, and any estimated meter readings will be adjusted accordingly once service is fully restored. We sincerely apologize for this inconvenience and appreciate your patience as we work to improve the reliability of our water infrastructure.", "status": "sent", "is_read": true, "response_message": "", "created_at": "2026-04-29T04:17:06.327Z"}}, {"model": "billing.notification", "pk": 387, "fields": {"recipient": null, "consumer": 8, "billing": null, "payment": null, "meter_reading": null, "channel": "email", "notification_type": "admin", "title": "Scheduled Water Disruption", "message": "Dear Valued Customers, please be advised that there will be a scheduled water supply interruption today, Wednesday, April 29, 2026, from 12 PM to 8 PM to facilitate urgent maintenance on our main distribution lines in the Tabuan zone 5 . We kindly request that you store sufficient water for your essential needs before the noon deadline and ensure all taps are turned off to prevent flooding when the supply returns. Please note that this temporary disruption will not affect your upcoming billing cycle, and any estimated meter readings will be adjusted accordingly once service is fully restored. We sincerely apologize for this inconvenience and appreciate your patience as we work to improve the reliability of our water infrastructure.", "status": "sent", "is_read": true, "response_message": "SMTP email sent to johnmarkomale200@gmail.com.", "created_at": "2026-04-29T04:17:13.784Z"}}, {"model": "billing.notification", "pk": 388, "fields": {"recipient": ["nuique123"], "consumer": 8, "billing": null, "payment": null, "meter_reading": null, "channel": "in_app", "notification_type": "admin", "title": "Scheduled Water Disruption", "message": "Dear Valued Customers, please be advised that there will be a scheduled water supply interruption today, Wednesday, April 29, 2026, from 12 PM to 8 PM to facilitate urgent maintenance on our main distribution lines in the Tabuan zone 5 . We kindly request that you store sufficient water for your essential needs before the noon deadline and ensure all taps are turned off to prevent flooding when the supply returns. Please note that this temporary disruption will not affect your upcoming billing cycle, and any estimated meter readings will be adjusted accordingly once service is fully restored. We sincerely apologize for this inconvenience and appreciate your patience as we work to improve the reliability of our water infrastructure.", "status": "sent", "is_read": false, "response_message": "", "created_at": "2026-04-29T04:17:13.795Z"}}, {"model": "billing.notification", "pk": 389, "fields": {"recipient": null, "consumer": 1, "billing": null, "payment": null, "meter_reading": null, "channel": "email", "notification_type": "admin", "title": "Scheduled Water Disruption Alert", "message": "Dear Valued Customers, please be advised that there will be a scheduled water supply interruption today, Wednesday, April 29, 2026, from 12 PM to 8 PM to facilitate urgent maintenance on our main distribution lines in the Tabuan zone 5 . We kindly request that you store sufficient water for your essential needs before the noon deadline and ensure all taps are turned off to prevent flooding when the supply returns. Please note that this temporary disruption will not affect your upcoming billing cycle, and any estimated meter readings will be adjusted accordingly once service is fully restored. We sincerely apologize for this inconvenience and appreciate your patience as we work to improve the reliability of our water infrastructure.", "status": "sent", "is_read": true, "response_message": "SMTP email sent to johnmarkomale200@gmail.com.", "created_at": "2026-04-29T04:17:37.847Z"}}, {"model": "billing.notification", "pk": 390, "fields": {"recipient": ["waterbill"], "consumer": 1, "billing": null, "payment": null, "meter_reading": null, "channel": "in_app", "notification_type": "admin", "title": "Scheduled Water Disruption Alert", "message": "Dear Valued Customers, please be advised that there will be a scheduled water supply interruption today, Wednesday, April 29, 2026, from 12 PM to 8 PM to facilitate urgent maintenance on our main distribution lines in the Tabuan zone 5 . We kindly request that you store sufficient water for your essential needs before the noon deadline and ensure all taps are turned off to prevent flooding when the supply returns. Please note that this temporary disruption will not affect your upcoming billing cycle, and any estimated meter readings will be adjusted accordingly once service is fully restored. We sincerely apologize for this inconvenience and appreciate your patience as we work to improve the reliability of our water infrastructure.", "status": "sent", "is_read": false, "response_message": "", "created_at": "2026-04-29T04:17:37.868Z"}}, {"model": "billing.notification", "pk": 391, "fields": {"recipient": null, "consumer": 10, "billing": null, "payment": null, "meter_reading": null, "channel": "email", "notification_type": "admin", "title": "Scheduled Water Disruption Alert", "message": "Dear Valued Customers, please be advised that there will be a scheduled water supply interruption today, Wednesday, April 29, 2026, from 12 PM to 8 PM to facilitate urgent maintenance on our main distribution lines in the Tabuan zone 5 . We kindly request that you store sufficient water for your essential needs before the noon deadline and ensure all taps are turned off to prevent flooding when the supply returns. Please note that this temporary disruption will not affect your upcoming billing cycle, and any estimated meter readings will be adjusted accordingly once service is fully restored. We sincerely apologize for this inconvenience and appreciate your patience as we work to improve the reliability of our water infrastructure.", "status": "failed", "is_read": true, "response_message": "No email address is configured for this consumer.", "created_at": "2026-04-29T04:17:37.878Z"}}, {"model": "billing.notification", "pk": 392, "fields": {"recipient": null, "consumer": 9, "billing": null, "payment": null, "meter_reading": null, "channel": "email", "notification_type": "admin", "title": "Scheduled Water Disruption Alert", "message": "Dear Valued Customers, please be advised that there will be a scheduled water supply interruption today, Wednesday, April 29, 2026, from 12 PM to 8 PM to facilitate urgent maintenance on our main distribution lines in the Tabuan zone 5 . We kindly request that you store sufficient water for your essential needs before the noon deadline and ensure all taps are turned off to prevent flooding when the supply returns. Please note that this temporary disruption will not affect your upcoming billing cycle, and any estimated meter readings will be adjusted accordingly once service is fully restored. We sincerely apologize for this inconvenience and appreciate your patience as we work to improve the reliability of our water infrastructure.", "status": "sent", "is_read": true, "response_message": "SMTP email sent to angelitofeliciano143@gmail.com.", "created_at": "2026-04-29T04:17:46.991Z"}}, {"model": "billing.notification", "pk": 393, "fields": {"recipient": ["ang"], "consumer": 9, "billing": null, "payment": null, "meter_reading": null, "channel": "in_app", "notification_type": "admin", "title": "Scheduled Water Disruption Alert", "message": "Dear Valued Customers, please be advised that there will be a scheduled water supply interruption today, Wednesday, April 29, 2026, from 12 PM to 8 PM to facilitate urgent maintenance on our main distribution lines in the Tabuan zone 5 . We kindly request that you store sufficient water for your essential needs before the noon deadline and ensure all taps are turned off to prevent flooding when the supply returns. Please note that this temporary disruption will not affect your upcoming billing cycle, and any estimated meter readings will be adjusted accordingly once service is fully restored. We sincerely apologize for this inconvenience and appreciate your patience as we work to improve the reliability of our water infrastructure.", "status": "sent", "is_read": false, "response_message": "", "created_at": "2026-04-29T04:17:47.001Z"}}, {"model": "billing.notification", "pk": 394, "fields": {"recipient": null, "consumer": 7, "billing": null, "payment": null, "meter_reading": null, "channel": "email", "notification_type": "admin", "title": "Scheduled Water Disruption Alert", "message": "Dear Valued Customers, please be advised that there will be a scheduled water supply interruption today, Wednesday, April 29, 2026, from 12 PM to 8 PM to facilitate urgent maintenance on our main distribution lines in the Tabuan zone 5 . We kindly request that you store sufficient water for your essential needs before the noon deadline and ensure all taps are turned off to prevent flooding when the supply returns. Please note that this temporary disruption will not affect your upcoming billing cycle, and any estimated meter readings will be adjusted accordingly once service is fully restored. We sincerely apologize for this inconvenience and appreciate your patience as we work to improve the reliability of our water infrastructure.", "status": "sent", "is_read": true, "response_message": "SMTP email sent to jingkysagang02@gmail.com.", "created_at": "2026-04-29T04:17:53.389Z"}}, {"model": "billing.notification", "pk": 395, "fields": {"recipient": ["jingky"], "consumer": 7, "billing": null, "payment": null, "meter_reading": null, "channel": "in_app", "notification_type": "admin", "title": "Scheduled Water Disruption Alert", "message": "Dear Valued Customers, please be advised that there will be a scheduled water supply interruption today, Wednesday, April 29, 2026, from 12 PM to 8 PM to facilitate urgent maintenance on our main distribution lines in the Tabuan zone 5 . We kindly request that you store sufficient water for your essential needs before the noon deadline and ensure all taps are turned off to prevent flooding when the supply returns. Please note that this temporary disruption will not affect your upcoming billing cycle, and any estimated meter readings will be adjusted accordingly once service is fully restored. We sincerely apologize for this inconvenience and appreciate your patience as we work to improve the reliability of our water infrastructure.", "status": "sent", "is_read": true, "response_message": "", "created_at": "2026-04-29T04:17:53.403Z"}}, {"model": "billing.notification", "pk": 396, "fields": {"recipient": null, "consumer": 8, "billing": null, "payment": null, "meter_reading": null, "channel": "email", "notification_type": "admin", "title": "Scheduled Water Disruption Alert", "message": "Dear Valued Customers, please be advised that there will be a scheduled water supply interruption today, Wednesday, April 29, 2026, from 12 PM to 8 PM to facilitate urgent maintenance on our main distribution lines in the Tabuan zone 5 . We kindly request that you store sufficient water for your essential needs before the noon deadline and ensure all taps are turned off to prevent flooding when the supply returns. Please note that this temporary disruption will not affect your upcoming billing cycle, and any estimated meter readings will be adjusted accordingly once service is fully restored. We sincerely apologize for this inconvenience and appreciate your patience as we work to improve the reliability of our water infrastructure.", "status": "sent", "is_read": true, "response_message": "SMTP email sent to johnmarkomale200@gmail.com.", "created_at": "2026-04-29T04:18:06.621Z"}}, {"model": "billing.notification", "pk": 397, "fields": {"recipient": ["nuique123"], "consumer": 8, "billing": null, "payment": null, "meter_reading": null, "channel": "in_app", "notification_type": "admin", "title": "Scheduled Water Disruption Alert", "message": "Dear Valued Customers, please be advised that there will be a scheduled water supply interruption today, Wednesday, April 29, 2026, from 12 PM to 8 PM to facilitate urgent maintenance on our main distribution lines in the Tabuan zone 5 . We kindly request that you store sufficient water for your essential needs before the noon deadline and ensure all taps are turned off to prevent flooding when the supply returns. Please note that this temporary disruption will not affect your upcoming billing cycle, and any estimated meter readings will be adjusted accordingly once service is fully restored. We sincerely apologize for this inconvenience and appreciate your patience as we work to improve the reliability of our water infrastructure.", "status": "sent", "is_read": false, "response_message": "", "created_at": "2026-04-29T04:18:06.633Z"}}, {"model": "billing.notification", "pk": 398, "fields": {"recipient": null, "consumer": 1, "billing": null, "payment": null, "meter_reading": null, "channel": "email", "notification_type": "admin", "title": "Urgent Notice: Settlement Deadline for Overdue Accounts", "message": "This is an important notice to all consumers with overdue and unsettled accounts. We kindly advise that all outstanding balances be settled starting today, and payments must be made within the next three days. Please be aware that any payments made after this period will no longer be valid, and services will be disconnected. To avoid disruption, we urge you to settle your account promptly. Payments can be made through G-Cash , And Paymaya also we accept Cash in the Brgy. Office. If you have any questions or require assistance, please contact our customer service team at 0968-316-7617 or email us at johnmarkomale200@gmail.com.\r\n\r\nThank you for your immediate attention to this matter.", "status": "sent", "is_read": true, "response_message": "SMTP email sent to johnmarkomale200@gmail.com.", "created_at": "2026-04-29T04:33:51.162Z"}}, {"model": "billing.notification", "pk": 399, "fields": {"recipient": ["waterbill"], "consumer": 1, "billing": null, "payment": null, "meter_reading": null, "channel": "in_app", "notification_type": "admin", "title": "Urgent Notice: Settlement Deadline for Overdue Accounts", "message": "This is an important notice to all consumers with overdue and unsettled accounts. We kindly advise that all outstanding balances be settled starting today, and payments must be made within the next three days. Please be aware that any payments made after this period will no longer be valid, and services will be disconnected. To avoid disruption, we urge you to settle your account promptly. Payments can be made through G-Cash , And Paymaya also we accept Cash in the Brgy. Office. If you have any questions or require assistance, please contact our customer service team at 0968-316-7617 or email us at johnmarkomale200@gmail.com.\r\n\r\nThank you for your immediate attention to this matter.", "status": "sent", "is_read": false, "response_message": "", "created_at": "2026-04-29T04:33:51.186Z"}}, {"model": "billing.notification", "pk": 400, "fields": {"recipient": null, "consumer": 10, "billing": null, "payment": null, "meter_reading": null, "channel": "email", "notification_type": "admin", "title": "Urgent Notice: Settlement Deadline for Overdue Accounts", "message": "This is an important notice to all consumers with overdue and unsettled accounts. We kindly advise that all outstanding balances be settled starting today, and payments must be made within the next three days. Please be aware that any payments made after this period will no longer be valid, and services will be disconnected. To avoid disruption, we urge you to settle your account promptly. Payments can be made through G-Cash , And Paymaya also we accept Cash in the Brgy. Office. If you have any questions or require assistance, please contact our customer service team at 0968-316-7617 or email us at johnmarkomale200@gmail.com.\r\n\r\nThank you for your immediate attention to this matter.", "status": "failed", "is_read": true, "response_message": "No email address is configured for this consumer.", "created_at": "2026-04-29T04:33:51.200Z"}}, {"model": "billing.notification", "pk": 401, "fields": {"recipient": null, "consumer": 9, "billing": null, "payment": null, "meter_reading": null, "channel": "email", "notification_type": "admin", "title": "Urgent Notice: Settlement Deadline for Overdue Accounts", "message": "This is an important notice to all consumers with overdue and unsettled accounts. We kindly advise that all outstanding balances be settled starting today, and payments must be made within the next three days. Please be aware that any payments made after this period will no longer be valid, and services will be disconnected. To avoid disruption, we urge you to settle your account promptly. Payments can be made through G-Cash , And Paymaya also we accept Cash in the Brgy. Office. If you have any questions or require assistance, please contact our customer service team at 0968-316-7617 or email us at johnmarkomale200@gmail.com.\r\n\r\nThank you for your immediate attention to this matter.", "status": "sent", "is_read": true, "response_message": "SMTP email sent to angelitofeliciano143@gmail.com.", "created_at": "2026-04-29T04:33:59.080Z"}}, {"model": "billing.notification", "pk": 402, "fields": {"recipient": ["ang"], "consumer": 9, "billing": null, "payment": null, "meter_reading": null, "channel": "in_app", "notification_type": "admin", "title": "Urgent Notice: Settlement Deadline for Overdue Accounts", "message": "This is an important notice to all consumers with overdue and unsettled accounts. We kindly advise that all outstanding balances be settled starting today, and payments must be made within the next three days. Please be aware that any payments made after this period will no longer be valid, and services will be disconnected. To avoid disruption, we urge you to settle your account promptly. Payments can be made through G-Cash , And Paymaya also we accept Cash in the Brgy. Office. If you have any questions or require assistance, please contact our customer service team at 0968-316-7617 or email us at johnmarkomale200@gmail.com.\r\n\r\nThank you for your immediate attention to this matter.", "status": "sent", "is_read": false, "response_message": "", "created_at": "2026-04-29T04:33:59.095Z"}}, {"model": "billing.notification", "pk": 403, "fields": {"recipient": null, "consumer": 7, "billing": null, "payment": null, "meter_reading": null, "channel": "email", "notification_type": "admin", "title": "Urgent Notice: Settlement Deadline for Overdue Accounts", "message": "This is an important notice to all consumers with overdue and unsettled accounts. We kindly advise that all outstanding balances be settled starting today, and payments must be made within the next three days. Please be aware that any payments made after this period will no longer be valid, and services will be disconnected. To avoid disruption, we urge you to settle your account promptly. Payments can be made through G-Cash , And Paymaya also we accept Cash in the Brgy. Office. If you have any questions or require assistance, please contact our customer service team at 0968-316-7617 or email us at johnmarkomale200@gmail.com.\r\n\r\nThank you for your immediate attention to this matter.", "status": "sent", "is_read": true, "response_message": "SMTP email sent to johnmarkomle@gmail.com.", "created_at": "2026-04-29T04:34:07.836Z"}}, {"model": "billing.notification", "pk": 404, "fields": {"recipient": ["jingky"], "consumer": 7, "billing": null, "payment": null, "meter_reading": null, "channel": "in_app", "notification_type": "admin", "title": "Urgent Notice: Settlement Deadline for Overdue Accounts", "message": "This is an important notice to all consumers with overdue and unsettled accounts. We kindly advise that all outstanding balances be settled starting today, and payments must be made within the next three days. Please be aware that any payments made after this period will no longer be valid, and services will be disconnected. To avoid disruption, we urge you to settle your account promptly. Payments can be made through G-Cash , And Paymaya also we accept Cash in the Brgy. Office. If you have any questions or require assistance, please contact our customer service team at 0968-316-7617 or email us at johnmarkomale200@gmail.com.\r\n\r\nThank you for your immediate attention to this matter.", "status": "sent", "is_read": true, "response_message": "", "created_at": "2026-04-29T04:34:07.852Z"}}, {"model": "billing.notification", "pk": 405, "fields": {"recipient": null, "consumer": 8, "billing": null, "payment": null, "meter_reading": null, "channel": "email", "notification_type": "admin", "title": "Urgent Notice: Settlement Deadline for Overdue Accounts", "message": "This is an important notice to all consumers with overdue and unsettled accounts. We kindly advise that all outstanding balances be settled starting today, and payments must be made within the next three days. Please be aware that any payments made after this period will no longer be valid, and services will be disconnected. To avoid disruption, we urge you to settle your account promptly. Payments can be made through G-Cash , And Paymaya also we accept Cash in the Brgy. Office. If you have any questions or require assistance, please contact our customer service team at 0968-316-7617 or email us at johnmarkomale200@gmail.com.\r\n\r\nThank you for your immediate attention to this matter.", "status": "sent", "is_read": true, "response_message": "SMTP email sent to johnmarkomale200@gmail.com.", "created_at": "2026-04-29T04:34:15.552Z"}}, {"model": "billing.notification", "pk": 406, "fields": {"recipient": ["nuique123"], "consumer": 8, "billing": null, "payment": null, "meter_reading": null, "channel": "in_app", "notification_type": "admin", "title": "Urgent Notice: Settlement Deadline for Overdue Accounts", "message": "This is an important notice to all consumers with overdue and unsettled accounts. We kindly advise that all outstanding balances be settled starting today, and payments must be made within the next three days. Please be aware that any payments made after this period will no longer be valid, and services will be disconnected. To avoid disruption, we urge you to settle your account promptly. Payments can be made through G-Cash , And Paymaya also we accept Cash in the Brgy. Office. If you have any questions or require assistance, please contact our customer service team at 0968-316-7617 or email us at johnmarkomale200@gmail.com.\r\n\r\nThank you for your immediate attention to this matter.", "status": "sent", "is_read": false, "response_message": "", "created_at": "2026-04-29T04:34:15.558Z"}}, {"model": "billing.smsblast", "pk": 15, "fields": {"sent_by": ["secretary"], "audience": "all_active", "message": "Dear Valued Customers, please be advised that there will be a scheduled water supply interruption today, Wednesday, April 29, 2026, from 12 PM to 8 PM to facilitate urgent maintenance on our main distribution lines in the Tabuan zone 5 . We kindly request that you store sufficient water for your essential needs before the noon deadline and ensure all taps are turned off to prevent flooding when the supply returns. Please note that this temporary disruption will not affect your upcoming billing cycle, and any estimated meter readings will be adjusted accordingly once service is fully restored. We sincerely apologize for this inconvenience and appreciate your patience as we work to improve the reliability of our water infrastructure.", "provider": "sms_api_ph", "status": "sent", "total_recipients": 5, "sent_count": 5, "failed_count": 0, "recipients_snapshot": "John Mark Omale, angelita Omale, angelito, jingkysagang, john mark joseph", "created_at": "2026-04-29T04:16:39.052Z", "sent_at": "2026-04-29T04:16:52.942Z"}}, {"model": "billing.auditlog", "pk": 22, "fields": {"user": ["secretary"], "role": "secretary", "action": "Sent SMS blast", "target": "All Active Consumers", "details": "Sent 5; failed 0.", "created_at": "2026-04-29T04:16:52.951Z"}}, {"model": "billing.auditlog", "pk": 23, "fields": {"user": ["secretary"], "role": "secretary", "action": "Sent email blast", "target": "all_active", "details": "Sent 4; failed 1.", "created_at": "2026-04-29T04:17:13.809Z"}}, {"model": "billing.auditlog", "pk": 24, "fields": {"user": ["secretary"], "role": "secretary", "action": "Sent email blast", "target": "all_active", "details": "Sent 4; failed 1.", "created_at": "2026-04-29T04:18:06.645Z"}}, {"model": "billing.auditlog", "pk": 25, "fields": {"user": ["secretary"], "role": "secretary", "action": "Sent email blast", "target": "all_active", "details": "Sent 4; failed 1.", "created_at": "2026-04-29T04:34:15.565Z"}}, {"model": "billing.auditlog", "pk": 26, "fields": {"user": ["secretary"], "role": "secretary", "action": "Updated profile details", "target": "Secretary", "details": "", "created_at": "2026-04-29T04:46:56.494Z"}}, {"model": "billing.auditlog", "pk": 27, "fields": {"user": ["waterbilling"], "role": "admin", "action": "Updated payment and notification settings", "target": "SystemSettings", "details": "", "created_at": "2026-04-29T04:50:10.903Z"}}, {"model": "billing.auditlog", "pk": 28, "fields": {"user": ["waterbilling"], "role": "admin", "action": "Updated payment and notification settings", "target": "SystemSettings", "details": "", "created_at": "2026-04-29T04:50:18.912Z"}}, {"model": "billing.auditlog", "pk": 29, "fields": {"user": ["treasurer"], "role": "treasurer", "action": "Generated statement of account PDF", "target": "all-consumers 2026-04-01 to 2026-04-30", "details": "", "created_at": "2026-04-29T13:54:36.915Z"}}]
