[
{
  "model": "auth.user",
  "fields": {
    "password": "pbkdf2_sha256$1000000$Y66vP0pFvuEC6iUN4LBOcO$F2atsKH1hE81QOGwWr3kfFIhaxie4CrxWOQwUiARRzw=",
    "last_login": "2026-04-21T07:38:41.064Z",
    "is_superuser": true,
    "username": "john",
    "first_name": "",
    "last_name": "",
    "email": "johnmarkomale200@gmail.com",
    "is_staff": true,
    "is_active": true,
    "date_joined": "2026-04-15T23:58:23.040Z",
    "groups": [],
    "user_permissions": []
  }
},
{
  "model": "auth.user",
  "fields": {
    "password": "pbkdf2_sha256$1200000$38sjkX0Bhr88RQhYsKTMPz$eOEIM5fi4MLH7fncwTzfNTmKGzM5hW665/HuHonQ174=",
    "last_login": "2026-04-25T12:56:59.115Z",
    "is_superuser": true,
    "username": "waterbill",
    "first_name": "",
    "last_name": "",
    "email": "johnmarkomale200@gmail.com",
    "is_staff": true,
    "is_active": true,
    "date_joined": "2026-04-21T05:57:47.522Z",
    "groups": [],
    "user_permissions": []
  }
},
{
  "model": "auth.user",
  "fields": {
    "password": "pbkdf2_sha256$1200000$mwf4lA8dyC5NrCw4MImlqg$lAYSCi+I5D4p1zln/zUT3o33dJqRmPezSaI+/KjLH7I=",
    "last_login": "2026-04-26T12:04:20.911Z",
    "is_superuser": false,
    "username": "jingky",
    "first_name": "",
    "last_name": "",
    "email": "jingkysagang02@gmail.com",
    "is_staff": false,
    "is_active": true,
    "date_joined": "2026-04-21T07:19:01.733Z",
    "groups": [],
    "user_permissions": []
  }
},
{
  "model": "auth.user",
  "fields": {
    "password": "pbkdf2_sha256$1200000$WmQS29fppVWiVLDiB7czsm$YrCJLZBmyHyLf+QjZhrAeT1Ss2F9mbbtTQ2vp6crMgI=",
    "last_login": "2026-04-29T02:17:12.911Z",
    "is_superuser": false,
    "username": "secretary",
    "first_name": "Secretary",
    "last_name": "User",
    "email": "johnmarkomale200@gmail.com",
    "is_staff": false,
    "is_active": true,
    "date_joined": "2026-04-21T07:25:07.459Z",
    "groups": [],
    "user_permissions": []
  }
},
{
  "model": "auth.user",
  "fields": {
    "password": "pbkdf2_sha256$1200000$S9Nhx8OEYCoHhykuLeHVCc$+uEKgwmUCw3ER2r2vqI3T6NemmUb2iMvFwU+QbAq+bQ=",
    "last_login": "2026-04-29T02:30:45.450Z",
    "is_superuser": false,
    "username": "treasurer",
    "first_name": "Treasurer",
    "last_name": "User",
    "email": "johnmarkomale200@gmail.com",
    "is_staff": false,
    "is_active": true,
    "date_joined": "2026-04-21T07:25:08.113Z",
    "groups": [],
    "user_permissions": []
  }
},
{
  "model": "auth.user",
  "fields": {
    "password": "pbkdf2_sha256$1200000$FEP7xe2fchfxMR0ojyEQIU$fbzicl/08C3VrHddoOnKJ96AhVY1VDUVbS20FopsjP4=",
    "last_login": "2026-04-28T00:02:01.092Z",
    "is_superuser": false,
    "username": "reader",
    "first_name": "Reading",
    "last_name": "Panel User",
    "email": "johnmarkomale200@gmail.com",
    "is_staff": false,
    "is_active": true,
    "date_joined": "2026-04-21T07:25:08.812Z",
    "groups": [],
    "user_permissions": []
  }
},
{
  "model": "auth.user",
  "fields": {
    "password": "pbkdf2_sha256$1200000$bfvKilffwfSniATU1HOuVj$G8VPs8uscKLHSqTolsu1OEZiqi0Zq7D79FEWysO3v7E=",
    "last_login": "2026-04-28T12:27:01.526Z",
    "is_superuser": true,
    "username": "waterbilling",
    "first_name": "",
    "last_name": "",
    "email": "johnmarkomale200@gmail.com",
    "is_staff": true,
    "is_active": true,
    "date_joined": "2026-04-21T07:35:20.750Z",
    "groups": [],
    "user_permissions": []
  }
},
{
  "model": "auth.user",
  "fields": {
    "password": "pbkdf2_sha256$1200000$NYxNhPRgqo6bxvq1UOUS6d$ArjReKPQrKmbuGUoazRCQWF78bbw7CnBEemnExbK8eE=",
    "last_login": "2026-04-28T23:09:05.159Z",
    "is_superuser": false,
    "username": "nuique123",
    "first_name": "",
    "last_name": "",
    "email": "johnmarkomale200@gmail.com",
    "is_staff": false,
    "is_active": true,
    "date_joined": "2026-04-21T08:22:55.478Z",
    "groups": [],
    "user_permissions": []
  }
},
{
  "model": "auth.user",
  "fields": {
    "password": "pbkdf2_sha256$1200000$bULn2NNycBGwZH6mwpmInX$ePYp9sYE2Mu/mUzkAgTwTVS4CDPtt9MgQGLfBbkyf5Q=",
    "last_login": "2026-04-28T00:00:47.251Z",
    "is_superuser": false,
    "username": "ang",
    "first_name": "",
    "last_name": "",
    "email": "angelitofeliciano143@gmail.com",
    "is_staff": false,
    "is_active": true,
    "date_joined": "2026-04-28T00:00:34.813Z",
    "groups": [],
    "user_permissions": []
  }
},
{
  "model": "sessions.session",
  "pk": "0bht1txzrqjl2zdqiv1tk1b7tc54wv57",
  "fields": {
    "session_data": ".eJxVjDEOgzAMAP_iuYpC6jiEsTtvQIltGtoKJAJT1b9XSAztene6Nwxp38qwV12HSaAD5-DyC3Pip86HkUea74vhZd7WKZsjMaetpl9EX7ez_RuUVAt0QEjqoyQbOcUcVa0yenEUOKJHRAp0DcIhcNOoMGt02o5obR7JUgufLw2lOCE:1wF7D8:BhSkMo8PBU6wd-ZT-f54L9rR-qume_AcUA3CiMOxQqY",
    "expire_date": "2026-05-05T09:16:02.923Z"
  }
},
{
  "model": "sessions.session",
  "pk": "23dc512g0t7zwwa9wjw7uyokwxcqi40a",
  "fields": {
    "session_data": ".eJxVjDsOgkAUAO_yarPhsbIrlPaegbyvoAYSFirj3Q0JhbYzk3lDT9s69FuxpR8VOkCE0y9kkqdNu9EHTfc5yDyty8hhT8JhS7jNaq_r0f4NBioDdBCTaKrZpDZVajKTN7XFNl_cM0dFtpSczDMyinhEr9rcVC6GVY5n-HwBRQE5UQ:1wF5H8:6ad1fGdxs9zXICppWf6aa2Yk3EetsLyliiL6E3T_erc",
    "expire_date": "2026-05-05T07:12:02.262Z"
  }
},
{
  "model": "sessions.session",
  "pk": "2xdf72r8ba24uw5ebtj1sdbkx78h3btl",
  "fields": {
    "session_data": ".eJxVjLsOwjAMAP_FM4qcpHnQkZ1viJzYkAJKpaadEP-OKnWA9e50b0i0rTVtXZY0MYygHZx-YabylLYbflC7z6rMbV2mrPZEHbar68zyuhzt36BSrzCC5-zYl1tgT8NA2nqTI6H3IRSjbcmM1mAwkmPBs9XWREKjxYlY0hjg8wUE_DeC:1wF5HN:yKTPQNp7J-yGMbTd6TyFau70fH5plI9fg9c0UFJatcE",
    "expire_date": "2026-05-05T07:12:17.016Z"
  }
},
{
  "model": "sessions.session",
  "pk": "3hfk60a30mxbxd90e1jgpwqok36puip3",
  "fields": {
    "session_data": ".eJxVjEsKwjAUAO_y1hJefjV26d4zhPcJpiopNO1KvLsUutDtzDBvyLStNW-9LHlSGCHA6ZcxybO0XeiD2n02Mrd1mdjsiTlsN7dZy-t6tH-DSr3CCIxO5eJCGOy5lKBWJGGiaL2oJqeIjqIwixbF5JEpoWMONER03iJ8vu99N_k:1wF5GN:gW7ygyBAObx-Vjffus-J8ynbfrXNX5xIPjXVmPBnb6k",
    "expire_date": "2026-05-05T07:11:15.281Z"
  }
},
{
  "model": "sessions.session",
  "pk": "4trb3qhjzhjdno9p4xp0ot3v94byuh37",
  "fields": {
    "session_data": ".eJxVjEsOgjAUAO_y1qbpkxZalu45A3mfYlFTEgor490NCQvdzkzmDSPtWx73mtZxVujhinD5hUzyTOUw-qByX4wsZVtnNkdiTlvNsGh63c72b5CpZuhBkNBZ17L41lIXg1i1HTqMnSekyN6GGFidUtCgsUkNoyT00oQ4TQSfL-_jOAE:1wGcXM:VKH8nLepdbQnmAUavfw6olrMHEpD_nY7Yghkl9_Vg8U",
    "expire_date": "2026-05-09T12:55:08.187Z"
  }
},
{
  "model": "sessions.session",
  "pk": "8cfx8i9397thr7rfff4xrq8zrhhkurb0",
  "fields": {
    "session_data": ".eJxVjEEOwiAQAP_C2RBYWgoevfcNZFm2UjWQlPZk_Lsh6UGvM5N5i4DHnsPReAtrEldhxOWXRaQnly7SA8u9Sqpl39YoeyJP2-RcE79uZ_s3yNhy37KKaVSWgZUxoJNxTiEj6gG1IaDR-Mm6IS1eE4Ana9HSoj2xmjQo8fkC1QM3Vw:1wF5GN:Kk6stWmt1WBckScf8kZq_IX8e4Q3rT0jpCERdudS5hc",
    "expire_date": "2026-05-05T07:11:15.478Z"
  }
},
{
  "model": "sessions.session",
  "pk": "c25qpz8kiouw72u420t2jt6f9sgogbe5",
  "fields": {
    "session_data": ".eJxVjLsOwjAMAP_FM4qSkEfdkZ1viBw7kAJKpaadEP-OKnWA9e50b0i0rTVtvSxpEhjBWDj9wkz8LG038qB2nxXPbV2mrPZEHbar6yzldTnav0GlXmEENoNYFyT7IRi8ZdQoQXPEaJgCSyw2kvjsMIpFJHEcDGl9tpqCsx4-XwQLN6Y:1wF5H7:ciyqJGevlQxhsI9G5eXs7YOuZE96lKGdbcTITV3XLlw",
    "expire_date": "2026-05-05T07:12:01.897Z"
  }
},
{
  "model": "sessions.session",
  "pk": "ce70d3k1nrxkny1pn0rwxx30sg9pegtb",
  "fields": {
    "session_data": ".eJxVjEEKwyAQRe8y6yIaTTRZdt8zyOiMNW1RiMmq9O5FyKJdfXjv8d_g8dizPxpvfiVYQMHllwWMTy5d0APLvYpYy76tQfREnLaJWyV-Xc_27yBjy7BAmpMcFFtDJkaNJCPKwMQDSmQ79ZmDRu2cmmal06CMIm0s25Hc6AJ8vgIIOBs:1wF5HM:Iz4aaDuI053AiAIX6rYX8MJdNGdjwsr7Ohv0TPkesqk",
    "expire_date": "2026-05-05T07:12:16.819Z"
  }
},
{
  "model": "sessions.session",
  "pk": "dyde4ew5wilofh9j4kszba1d3kqddwfq",
  "fields": {
    "session_data": ".eJxVjEsOgjAUAO_y1qbpkxZalu45A3mfYlFTEgor490NCQvdzkzmDSPtWx73mtZxVujhinD5hUzyTOUw-qByX4wsZVtnNkdiTlvNsGh63c72b5CpZuhBkNBZ17L41lIXg1i1HTqMnSekyN6GGFidUtCgsUkNoyT00oQ4TQSfL-_jOAE:1wHVyG:esraoROx1BjVnhAEPr5dCTnay8MoXFUiUSUMWnT5zRw",
    "expire_date": "2026-05-12T00:06:36.658Z"
  }
},
{
  "model": "sessions.session",
  "pk": "e0p9q7vbsoltgpq4xge8l0ot0y6bwo1t",
  "fields": {
    "session_data": ".eJxVjEEKwyAQRe8y6yIaTTRZdt8zyOiMNW1RiMmq9O5FyKJdfXjv8d_g8dizPxpvfiVYQMHllwWMTy5d0APLvYpYy76tQfREnLaJWyV-Xc_27yBjy7BAmpMcFFtDJkaNJCPKwMQDSmQ79ZmDRu2cmmal06CMIm0s25Hc6AJ8vgIIOBs:1wF5GN:M2ggRYxESyjjFuG70kpI1y2n5pSuyM0X-6bat4O4Pq4",
    "expire_date": "2026-05-05T07:11:15.151Z"
  }
},
{
  "model": "sessions.session",
  "pk": "fe91q4b1cp3uzf8kkec4ruyor8tujw7j",
  "fields": {
    "session_data": ".eJxVjEEOwiAQRe8ya0NAZrDt0r1nIAMMUjU0Ke3KeHdD0oXuft57-W_wvG_F701WPyeYgOD0ywLHp9Qu0oPrfVFxqds6B9UTddimbkuS1_Vo_w4KtwITXHQ8D1nH5JIxgUy2IdPQBxsii4JWa6szY3ajY-tGdGKERRA5UITPF98GN_A:1wF5GN:5wq9CW-vlCOJgCaGY02Wcl-CGgIBoMkhX8I13ayHf34",
    "expire_date": "2026-05-05T07:11:15.327Z"
  }
},
{
  "model": "sessions.session",
  "pk": "g4qfhx3t4damguublt5zaw3hz7qtw0zt",
  "fields": {
    "session_data": ".eJxVjEEKwyAQRe8y6yIaTTRZdt8zyOiMNW1RiMmq9O5FyKJdfXjv8d_g8dizPxpvfiVYQMHllwWMTy5d0APLvYpYy76tQfREnLaJWyV-Xc_27yBjy7BAmpMcFFtDJkaNJCPKwMQDSmQ79ZmDRu2cmmal06CMIm0s25Hc6AJ8vgIIOBs:1wF5H7:gpoFMfXox3IMRqzfBatujV1VbOHbGvaQTRoClzsAAUQ",
    "expire_date": "2026-05-05T07:12:01.616Z"
  }
},
{
  "model": "sessions.session",
  "pk": "hjv6chzy56i7yaf60g1few36omv4jcwp",
  "fields": {
    "session_data": ".eJxVjDEOgzAMAP_iuYpwSUxg7M4bkJ04hbZKJAJT1b9XSAztene6N0y8b_O0V12nJcIA1wYuv1A4PDUfJj4434sJJW_rIuZIzGmrGUvU1-1s_wYz1xkGUEbBThJylE5bbITVq_gukPQaSBz5PiC2ViyTou2tS96llpQkuQifLzVcOPg:1wHVtp:gqmYPqEjr1UdlRfZ4cMo-jC_DNgITlLJLjqEUdz4JrA",
    "expire_date": "2026-05-12T00:02:01.107Z"
  }
},
{
  "model": "sessions.session",
  "pk": "kgmti7whqups7875equ7omhj3wvv7y7w",
  "fields": {
    "session_data": ".eJxVjDkOwjAQAP-yNbJsr484JT1viNbeNQkgR8pRIf6OIqWAdmY0bxho38ZhX2UZJoYeDMLlF2YqT2mH4Qe1-6zK3LZlyupI1GlXdZtZXtez_RuMtI7QQ_XCRnuTKVTbuSDB6Jqxkg-pK8KeXbJdRMRMhly1xuvEOkWMTqyN8PkCB783dg:1wF5H7:2x2wPzUenJAUJPDrlEq-VrZQlzPTUyCIEdNOA6YATQ8",
    "expire_date": "2026-05-05T07:12:01.993Z"
  }
},
{
  "model": "sessions.session",
  "pk": "kxmy7n2dpaazkifdhn5fa4ygwd0cy3po",
  "fields": {
    "session_data": ".eJxVjEEKwyAQRe8y6yIaTTRZdt8zyOiMNW1RiMmq9O5FyKJdfXjv8d_g8dizPxpvfiVYQMHllwWMTy5d0APLvYpYy76tQfREnLaJWyV-Xc_27yBjy7BAmpMcFFtDJkaNJCPKwMQDSmQ79ZmDRu2cmmal06CMIm0s25Hc6AJ8vgIIOBs:1wF5HY:PXBGXF5UL-UOXsM43_SpfVkhQtKgVnSPZP-mDxKx-EE",
    "expire_date": "2026-05-05T07:12:28.487Z"
  }
},
{
  "model": "sessions.session",
  "pk": "lu9c3djuv8a7r6nsclbmdh082b2mv0o6",
  "fields": {
    "session_data": ".eJxVjEsKwjAUAO_y1hKSNKFNl-49Q3h5H1OVFpp2Jd5dCl3odmaYN2Tct5r3JmueGEZwAS6_sCA9ZT4MP3C-L4aWeVunYo7EnLaZ28Lyup7t36BiqzBCGZQwKAdC77yoSK-dpkRBXezYBSSnEW2M7CURl8F2xTJ7ZCt9Uvh8AUnGOas:1wF5H8:9LMwE-cNhwuBr52JXsxZtUvwXM2pOLtnvAo-wmSzYDg",
    "expire_date": "2026-05-05T07:12:02.331Z"
  }
},
{
  "model": "sessions.session",
  "pk": "n3qviyud9lubziq3sk7r0utslkowmsbp",
  "fields": {
    "session_data": ".eJxVjEsOwiAUAO_y1oaAhQJduu8ZCO9TqRqalHZlvLtp0oVuZybzhpT3raS9yZpmhgFMD5dfiJmeUg_Dj1zvi6KlbuuM6kjUaZsaF5bX7Wz_BiW3AgOI1my8DgFJu95pyl12PU8YvbXa84TicKIY2Vw9iePQhdAZtJaiYCT4fAEMHDhx:1wF5HY:zzbww3UM7wqpTGvAuoIv7FsYaW_6hVH5ItrXwD7ecw8",
    "expire_date": "2026-05-05T07:12:28.673Z"
  }
},
{
  "model": "sessions.session",
  "pk": "qvljf0bvkxuf8aldjr7n8ph2by4dsf8c",
  "fields": {
    "session_data": ".eJxVjEEKwyAQRe8y6yIaTTRZdt8zyOiMNW1RiMmq9O5FyKJdfXjv8d_g8dizPxpvfiVYQMHllwWMTy5d0APLvYpYy76tQfREnLaJWyV-Xc_27yBjy7BAmpMcFFtDJkaNJCPKwMQDSmQ79ZmDRu2cmmal06CMIm0s25Hc6AJ8vgIIOBs:1wF5H8:zGgiFItzE8CwBXt6pAj_POIq3ygDpQk8K4WY8eWE0GM",
    "expire_date": "2026-05-05T07:12:02.172Z"
  }
},
{
  "model": "sessions.session",
  "pk": "r16v8eldc8ds8crq0oo4j3tydqhwuztu",
  "fields": {
    "session_data": ".eJxVjLsKwzAMAP_FczFCiWO7Y_d-Q5AluU5bHMhjCv33YsjQrnfHHWakfSvjvuoyTmKuZjCXX5aIX1qbkCfVx2x5rtsyJdsSe9rV3mfR9-1s_waF1tK2LhIo5oACpBAYFVB6hsSInQcHMSbNCplYvQTX9UPmiEECRXHefL7s-jg5:1wF5GN:i014wqndoncDORPdQwFcogopSxFv2yYVSfhZzVa2Jig",
    "expire_date": "2026-05-05T07:11:15.384Z"
  }
},
{
  "model": "sessions.session",
  "pk": "rnpomu40ihfu4j41r9wr77bgqkn3iimo",
  "fields": {
    "session_data": ".eJxVjEEOwiAQAP_C2RDCAgsevfsGAgtI1UBS2lPj3w1JD3qdmczBfNi36veRV78kdmVSsMsvjIFeuU2TnqE9OqfetnWJfCb8tIPfe8rv29n-DWoYdX6VEEYHp6Ak6bQ1KKXBQugQFTmLGkwihSpnICza2ZAK6JIhIpC07PMF0rk3Rw:1wF6OI:Uc2_F-2c53NmDmQA7rjT_eEM3hmKgNq956PwBnEHh98",
    "expire_date": "2026-05-05T08:23:30.423Z"
  }
},
{
  "model": "sessions.session",
  "pk": "spkmeudud78hgl4xf0u2y0vhmzgi5ufr",
  "fields": {
    "session_data": ".eJxVjEEKwyAQRe8y6yIaTTRZdt8zyOiMNW1RiMmq9O5FyKJdfXjv8d_g8dizPxpvfiVYQMHllwWMTy5d0APLvYpYy76tQfREnLaJWyV-Xc_27yBjy7BAmpMcFFtDJkaNJCPKwMQDSmQ79ZmDRu2cmmal06CMIm0s25Hc6AJ8vgIIOBs:1wF5GN:M2ggRYxESyjjFuG70kpI1y2n5pSuyM0X-6bat4O4Pq4",
    "expire_date": "2026-05-05T07:11:15.435Z"
  }
},
{
  "model": "sessions.session",
  "pk": "tyythxlbb8kwp6r4vszhrvyac9v1al0o",
  "fields": {
    "session_data": ".eJxVjLsKwzAMAP_FczFCiWO7Y_d-Q5AluU5bHMhjCv33YsjQrnfHHWakfSvjvuoyTmKuZjCXX5aIX1qbkCfVx2x5rtsyJdsSe9rV3mfR9-1s_waF1tK2LhIo5oACpBAYFVB6hsSInQcHMSbNCplYvQTX9UPmiEECRXHefL7s-jg5:1wF5GN:i014wqndoncDORPdQwFcogopSxFv2yYVSfhZzVa2Jig",
    "expire_date": "2026-05-05T07:11:15.524Z"
  }
},
{
  "model": "sessions.session",
  "pk": "v2k5sgewy16xchdl68ojpx13ooqxzzyo",
  "fields": {
    "session_data": ".eJxVjDsOgkAUAO_yarPhsbIrlPaegbyvoAYSFirj3Q0JhbYzk3lDT9s69FuxpR8VOkCE0y9kkqdNu9EHTfc5yDyty8hhT8JhS7jNaq_r0f4NBioDdBCTaKrZpDZVajKTN7XFNl_cM0dFtpSczDMyinhEr9rcVC6GVY5n-HwBRQE5UQ:1wF5H7:hsaKAT9d1r_2-zLUz0pTHxmrfXd8ixNPCR__w6HiHVk",
    "expire_date": "2026-05-05T07:12:01.782Z"
  }
},
{
  "model": "sessions.session",
  "pk": "vvgd2yiqzt3h4y139flhegnk6f9lhdlm",
  "fields": {
    "session_data": ".eJxVjEEOwiAQAP_C2RBYWgoevfcNZFm2UjWQlPZk_Lsh6UGvM5N5i4DHnsPReAtrEldhxOWXRaQnly7SA8u9Sqpl39YoeyJP2-RcE79uZ_s3yNhy37KKaVSWgZUxoJNxTiEj6gG1IaDR-Mm6IS1eE4Ana9HSoj2xmjQo8fkC1QM3Vw:1wF5GN:Kk6stWmt1WBckScf8kZq_IX8e4Q3rT0jpCERdudS5hc",
    "expire_date": "2026-05-05T07:11:15.235Z"
  }
},
{
  "model": "sessions.session",
  "pk": "wdvu3dgpzqnmcgyncju8lqnav3s4z5n8",
  "fields": {
    "session_data": ".eJxVjDkOwkAMAP_iGq32PlLS84bIaztsACVSjgrxdxQpBbQzo3lDj_vW-n2VpR8ZOjAFLr-wIj1lOgw_cLrPiuZpW8aqjkSddlW3meV1Pdu_QcO1QQdoKFqiREaK8zlY7wQTJi9YHIokEmudM8EM1eics9cuBg7Rax44Mny-Cco30w:1wHuhJ:MByjxeCCmT8FkpwcJh9RPbetszSx4fpyu9r6ZG7zmUE",
    "expire_date": "2026-05-13T02:30:45.456Z"
  }
},
{
  "model": "sessions.session",
  "pk": "xu2by9d0d905dapso80l8eig5pue71wp",
  "fields": {
    "session_data": ".eJxVjEEKwyAQRe8y6yIaTTRZdt8zyOiMNW1RiMmq9O5FyKJdfXjv8d_g8dizPxpvfiVYQMHllwWMTy5d0APLvYpYy76tQfREnLaJWyV-Xc_27yBjy7BAmpMcFFtDJkaNJCPKwMQDSmQ79ZmDRu2cmmal06CMIm0s25Hc6AJ8vgIIOBs:1wF5Gl:dNie65dCd9zzH9ICkGZOCtu1nxPh7WvjSInLl18Qx-4",
    "expire_date": "2026-05-05T07:11:39.913Z"
  }
},
{
  "model": "sessions.session",
  "pk": "y7vjlf1se7bn8a4x9u597ef5k9l39gtp",
  "fields": {
    "session_data": ".eJxVjEsKwjAUAO_y1hKSNKFNl-49Q3h5H1OVFpp2Jd5dCl3odmaYN2Tct5r3JmueGEZwAS6_sCA9ZT4MP3C-L4aWeVunYo7EnLaZ28Lyup7t36BiqzBCGZQwKAdC77yoSK-dpkRBXezYBSSnEW2M7CURl8F2xTJ7ZCt9Uvh8AUnGOas:1wF5H8:9LMwE-cNhwuBr52JXsxZtUvwXM2pOLtnvAo-wmSzYDg",
    "expire_date": "2026-05-05T07:12:02.077Z"
  }
},
{
  "model": "billing.consumerprofile",
  "pk": 1,
  "fields": {
    "user": [
      "waterbill"
    ],
    "full_name": "John Mark Omale",
    "email": "johnmarkomale200@gmail.com",
    "contact": "095524797764",
    "address": "Basay",
    "role": "admin",
    "photo": "",
    "created_at": "2026-04-21T05:59:08.611Z"
  }
},
{
  "model": "billing.consumerprofile",
  "pk": 2,
  "fields": {
    "user": [
      "john"
    ],
    "full_name": "john",
    "email": "johnmarkomale200@gmail.com",
    "contact": "",
    "address": "",
    "role": "admin",
    "photo": "",
    "created_at": "2026-04-21T07:10:35.836Z"
  }
},
{
  "model": "billing.consumerprofile",
  "pk": 17,
  "fields": {
    "user": [
      "jingky"
    ],
    "full_name": "jingkysagang",
    "email": "jingkysagang02@gmail.com",
    "contact": "+6395524797764",
    "address": "Basay",
    "role": "consumer",
    "photo": "profiles/678264009_2843798949291361_2345353550272683249_n.jpg",
    "created_at": "2026-04-21T07:19:02.338Z"
  }
},
{
  "model": "billing.consumerprofile",
  "pk": 18,
  "fields": {
    "user": [
      "secretary"
    ],
    "full_name": "Secretary",
    "email": "johnmarkomale200@gmail.com",
    "contact": "+639683167617",
    "address": "Basay",
    "role": "secretary",
    "photo": "profiles/668566964_1512753353542969_5415219348302808409_n_KtRdZH9.jpg",
    "created_at": "2026-04-21T07:25:21.300Z"
  }
},
{
  "model": "billing.consumerprofile",
  "pk": 19,
  "fields": {
    "user": [
      "treasurer"
    ],
    "full_name": "Treasurer",
    "email": "johnmarkomale200@gmail.com",
    "contact": "+639683167617",
    "address": "Basay",
    "role": "treasurer",
    "photo": "profiles/668566964_1512753353542969_5415219348302808409_n_k13sb4r.jpg",
    "created_at": "2026-04-21T07:25:21.896Z"
  }
},
{
  "model": "billing.consumerprofile",
  "pk": 20,
  "fields": {
    "user": [
      "reader"
    ],
    "full_name": "Reader",
    "email": "johnmarkomale200@gmail.com",
    "contact": "+639552479764",
    "address": "zone 5 tabuan",
    "role": "reader",
    "photo": "profiles/images_1.png",
    "created_at": "2026-04-21T07:25:22.553Z"
  }
},
{
  "model": "billing.consumerprofile",
  "pk": 21,
  "fields": {
    "user": [
      "nuique123"
    ],
    "full_name": "john mark joseph",
    "email": "johnmarkomale200@gmail.com",
    "contact": "+6395524797764",
    "address": "Basay",
    "role": "consumer",
    "photo": "profiles/668566964_1512753353542969_5415219348302808409_n_6kTqeNc.jpg",
    "created_at": "2026-04-21T08:22:56.810Z"
  }
},
{
  "model": "billing.consumerprofile",
  "pk": 22,
  "fields": {
    "user": [
      "waterbilling"
    ],
    "full_name": "Waterbilling",
    "email": "johnmarkomale200@gmail.com",
    "contact": "+639683167617",
    "address": "Basay",
    "role": "admin",
    "photo": "profiles/668566964_1512753353542969_5415219348302808409_n.jpg",
    "created_at": "2026-04-21T08:26:01.640Z"
  }
},
{
  "model": "billing.consumerprofile",
  "pk": 23,
  "fields": {
    "user": [
      "ang"
    ],
    "full_name": "angelito",
    "email": "angelitofeliciano143@gmail.com",
    "contact": "+639683167617",
    "address": "Basay",
    "role": "consumer",
    "photo": "profiles/678264009_2843798949291361_2345353550272683249_n_QcGkysV.jpg",
    "created_at": "2026-04-28T00:00:36.214Z"
  }
},
{
  "model": "billing.consumer",
  "pk": 1,
  "fields": {
    "profile": 1,
    "full_name": "John Mark Omale",
    "address": "Basay",
    "contact_number": "+639525270172",
    "status": "active",
    "photo": "consumers/john.png",
    "created_at": "2026-04-21T05:59:19.674Z"
  }
},
{
  "model": "billing.consumer",
  "pk": 7,
  "fields": {
    "profile": 17,
    "full_name": "jingkysagang",
    "address": "Basay",
    "contact_number": "+6395524797764",
    "status": "active",
    "photo": "profiles/678264009_2843798949291361_2345353550272683249_n.jpg",
    "created_at": "2026-04-21T07:19:02.344Z"
  }
},
{
  "model": "billing.consumer",
  "pk": 8,
  "fields": {
    "profile": 21,
    "full_name": "john mark joseph",
    "address": "Basay",
    "contact_number": "+6395524797764",
    "status": "active",
    "photo": "profiles/668566964_1512753353542969_5415219348302808409_n_6kTqeNc.jpg",
    "created_at": "2026-04-21T08:22:56.817Z"
  }
},
{
  "model": "billing.consumer",
  "pk": 9,
  "fields": {
    "profile": 23,
    "full_name": "angelito",
    "address": "Basay",
    "contact_number": "+639683167617",
    "status": "active",
    "photo": "profiles/678264009_2843798949291361_2345353550272683249_n_QcGkysV.jpg",
    "created_at": "2026-04-28T00:00:36.221Z"
  }
},
{
  "model": "billing.consumer",
  "pk": 10,
  "fields": {
    "profile": null,
    "full_name": "angelita Omale",
    "address": "Basay",
    "contact_number": "+639683167617",
    "status": "active",
    "photo": "consumers/images_1.png",
    "created_at": "2026-04-28T12:28:45.964Z"
  }
},
{
  "model": "billing.systemsettings",
  "pk": 1,
  "fields": {
    "rate_per_m3": "12.00",
    "billing_due_days": 15,
    "enable_cash_payments": true,
    "enable_online_payments": true,
    "notify_by_email": true,
    "notify_by_sms": true,
    "payment_gateway_notes": "",
    "updated_at": "2026-04-21T21:30:32.362Z"
  }
},
{
  "model": "billing.billingrecord",
  "pk": 1,
  "fields": {
    "consumer": 1,
    "billing_month": "2026-04-01",
    "previous_reading": "6665.00",
    "current_reading": "4445.00",
    "usage_m3": "0.00",
    "rate_per_m3": "20.00",
    "total_amount": "0.00",
    "amount_paid": "400.00",
    "status": "pending",
    "billing_date": "2026-04-21",
    "due_date": "2026-05-06",
    "created_at": "2026-04-21T06:01:45.181Z"
  }
},
{
  "model": "billing.billingrecord",
  "pk": 7,
  "fields": {
    "consumer": 1,
    "billing_month": "2026-04-01",
    "previous_reading": "0.00",
    "current_reading": "56.00",
    "usage_m3": "56.00",
    "rate_per_m3": "20.00",
    "total_amount": "1120.00",
    "amount_paid": "840.00",
    "status": "pending",
    "billing_date": "2026-04-21",
    "due_date": "2026-05-06",
    "created_at": "2026-04-21T07:17:14.866Z"
  }
},
{
  "model": "billing.billingrecord",
  "pk": 8,
  "fields": {
    "consumer": 7,
    "billing_month": "2026-04-01",
    "previous_reading": "0.00",
    "current_reading": "200.00",
    "usage_m3": "200.00",
    "rate_per_m3": "20.00",
    "total_amount": "4000.00",
    "amount_paid": "2000.00",
    "status": "pending",
    "billing_date": "2026-04-21",
    "due_date": "2026-05-06",
    "created_at": "2026-04-21T08:19:46.239Z"
  }
},
{
  "model": "billing.billingrecord",
  "pk": 9,
  "fields": {
    "consumer": 8,
    "billing_month": "2026-04-01",
    "previous_reading": "0.00",
    "current_reading": "12.00",
    "usage_m3": "12.00",
    "rate_per_m3": "12.00",
    "total_amount": "144.00",
    "amount_paid": "20500.00",
    "status": "paid",
    "billing_date": "2026-04-30",
    "due_date": "2026-05-15",
    "created_at": "2026-04-21T08:23:43.335Z"
  }
},
{
  "model": "billing.billingrecord",
  "pk": 10,
  "fields": {
    "consumer": 9,
    "billing_month": "2026-04-01",
    "previous_reading": "0.00",
    "current_reading": "15.00",
    "usage_m3": "15.00",
    "rate_per_m3": "12.00",
    "total_amount": "180.00",
    "amount_paid": "0.00",
    "status": "pending",
    "billing_date": "2026-04-28",
    "due_date": "2026-05-13",
    "created_at": "2026-04-28T00:02:26.063Z"
  }
},
{
  "model": "billing.billingrecord",
  "pk": 11,
  "fields": {
    "consumer": 1,
    "billing_month": "2026-05-01",
    "previous_reading": "56.00",
    "current_reading": "60.00",
    "usage_m3": "4.00",
    "rate_per_m3": "12.00",
    "total_amount": "48.00",
    "amount_paid": "0.00",
    "status": "pending",
    "billing_date": "2026-05-06",
    "due_date": "2026-05-21",
    "created_at": "2026-04-28T12:31:28.181Z"
  }
},
{
  "model": "billing.billingrecord",
  "pk": 12,
  "fields": {
    "consumer": 10,
    "billing_month": "2026-04-01",
    "previous_reading": "0.00",
    "current_reading": "15.00",
    "usage_m3": "15.00",
    "rate_per_m3": "12.00",
    "total_amount": "180.00",
    "amount_paid": "0.00",
    "status": "pending",
    "billing_date": "2026-04-29",
    "due_date": "2026-05-14",
    "created_at": "2026-04-29T01:40:50.592Z"
  }
},
{
  "model": "billing.payment",
  "pk": 1,
  "fields": {
    "consumer": 1,
    "billing": null,
    "payment_method": "gcash",
    "payment_option": "full",
    "amount_paid": "500.00",
    "discount_amount": "0.00",
    "payment_date": "2026-04-15",
    "covered_month": "2026-04-01",
    "status": "completed",
    "reference_number": "kpn-222665",
    "gateway": "",
    "gateway_reference": "",
    "gateway_payment_id": "",
    "gateway_status": "",
    "gateway_redirect_url": "",
    "gateway_response": {},
    "created_at": "2026-04-21T06:00:27.520Z"
  }
},
{
  "model": "billing.payment",
  "pk": 2,
  "fields": {
    "consumer": 1,
    "billing": 1,
    "payment_method": "cash",
    "payment_option": "full",
    "amount_paid": "400.00",
    "discount_amount": "0.00",
    "payment_date": "2026-04-21",
    "covered_month": "2026-04-01",
    "status": "completed",
    "reference_number": "kpn-222665",
    "gateway": "",
    "gateway_reference": "",
    "gateway_payment_id": "",
    "gateway_status": "",
    "gateway_redirect_url": "",
    "gateway_response": {},
    "created_at": "2026-04-21T06:03:55.329Z"
  }
},
{
  "model": "billing.payment",
  "pk": 3,
  "fields": {
    "consumer": 8,
    "billing": 9,
    "payment_method": "gcash",
    "payment_option": "full",
    "amount_paid": "10000.00",
    "discount_amount": "0.00",
    "payment_date": "2026-04-21",
    "covered_month": "2026-04-01",
    "status": "completed",
    "reference_number": "kpn-222665",
    "gateway": "",
    "gateway_reference": "",
    "gateway_payment_id": "",
    "gateway_status": "",
    "gateway_redirect_url": "",
    "gateway_response": {},
    "created_at": "2026-04-21T08:24:26.896Z"
  }
},
{
  "model": "billing.payment",
  "pk": 4,
  "fields": {
    "consumer": 8,
    "billing": 9,
    "payment_method": "cash",
    "payment_option": "full",
    "amount_paid": "10000.00",
    "discount_amount": "0.00",
    "payment_date": "2026-04-21",
    "covered_month": "2026-04-01",
    "status": "completed",
    "reference_number": "kpn-222665",
    "gateway": "",
    "gateway_reference": "",
    "gateway_payment_id": "",
    "gateway_status": "",
    "gateway_redirect_url": "",
    "gateway_response": {},
    "created_at": "2026-04-21T08:27:30.063Z"
  }
},
{
  "model": "billing.payment",
  "pk": 5,
  "fields": {
    "consumer": 7,
    "billing": 8,
    "payment_method": "online",
    "payment_option": "full",
    "amount_paid": "0.02",
    "discount_amount": "0.00",
    "payment_date": "2026-04-26",
    "covered_month": "2026-04-01",
    "status": "failed",
    "reference_number": "",
    "gateway": "",
    "gateway_reference": "",
    "gateway_payment_id": "",
    "gateway_status": "",
    "gateway_redirect_url": "",
    "gateway_response": {},
    "created_at": "2026-04-25T19:52:56.569Z"
  }
},
{
  "model": "billing.payment",
  "pk": 6,
  "fields": {
    "consumer": 7,
    "billing": 8,
    "payment_method": "online",
    "payment_option": "full",
    "amount_paid": "2000.00",
    "discount_amount": "0.00",
    "payment_date": "2026-04-26",
    "covered_month": "2026-04-01",
    "status": "completed",
    "reference_number": "pi_ek78tgt4Xc4WCTdjmgTNVRG4",
    "gateway": "paymongo",
    "gateway_reference": "pi_ek78tgt4Xc4WCTdjmgTNVRG4",
    "gateway_payment_id": "pay_1nYnLG8HwkF2MwsYxZ35JxEL",
    "gateway_status": "paid",
    "gateway_redirect_url": "https://secure-authentication.paymongo.com/sources?id=src_hfEkQoUjQMWiuTDRdib3SUX7",
    "gateway_response": {
      "payment_intent": {
        "id": "pi_ek78tgt4Xc4WCTdjmgTNVRG4",
        "type": "payment_intent",
        "attributes": {
          "amount": 200000,
          "capture_type": "automatic",
          "client_key": "pi_ek78tgt4Xc4WCTdjmgTNVRG4_client_VJ7D6rRawPR8MNJiPZ8c8HPB",
          "currency": "PHP",
          "description": "Tabuan Water Billing payment for jingkysagang",
          "livemode": false,
          "original_amount": 200000,
          "statement_descriptor": "TABUAN WATER",
          "status": "succeeded",
          "last_payment_error": null,
          "payment_method_allowed": [
            "gcash"
          ],
          "payments": [
            {
              "id": "pay_1nYnLG8HwkF2MwsYxZ35JxEL",
              "type": "payment",
              "attributes": {
                "access_url": null,
                "amount": 200000,
                "balance_transaction_id": "bal_txn_LuHu8AAFgKWmXDd8txDvsGZP",
                "billing": {
                  "address": {
                    "city": null,
                    "country": null,
                    "line1": null,
                    "line2": null,
                    "postal_code": null,
                    "state": null
                  },
                  "email": "johnmarkomale200@gmail.com",
                  "name": "jingkysagang",
                  "phone": "+639552479764"
                },
                "currency": "PHP",
                "description": "Tabuan Water Billing payment for jingkysagang",
                "digital_withholding_vat_amount": 0,
                "disputed": false,
                "external_reference_number": null,
                "fee": 5000,
                "instant_settlement": null,
                "livemode": false,
                "net_amount": 195000,
                "origin": "api",
                "payment_intent_id": "pi_ek78tgt4Xc4WCTdjmgTNVRG4",
                "payout": null,
                "source": {
                  "id": "src_hfEkQoUjQMWiuTDRdib3SUX7",
                  "type": "gcash",
                  "provider": {
                    "id": null
                  },
                  "provider_id": null
                },
                "statement_descriptor": "TABUAN WATER",
                "status": "paid",
                "tax_amount": null,
                "metadata": {
                  "billing_month": "April 2026",
                  "payment_id": "6",
                  "cancel_url": "http://127.0.0.1:8000/payments/paymongo/6/cancel/",
                  "consumer_id": "7",
                  "billing_id": "8"
                },
                "promotion": null,
                "refunds": [],
                "taxes": [],
                "available_at": 1777453200,
                "created_at": 1777147462,
                "credited_at": 1777856400,
                "paid_at": 1777147462,
                "updated_at": 1777147462
              }
            }
          ],
          "next_action": null,
          "payment_method_options": null,
          "metadata": {
            "cancel_url": "http://127.0.0.1:8000/payments/paymongo/6/cancel/",
            "payment_id": "6",
            "consumer_id": "7",
            "billing_month": "April 2026",
            "billing_id": "8"
          },
          "setup_future_usage": null,
          "created_at": 1777147455,
          "updated_at": 1777147463
        }
      },
      "details": {
        "intent_id": "pi_ek78tgt4Xc4WCTdjmgTNVRG4",
        "intent_status": "succeeded",
        "payment_id": "pay_1nYnLG8HwkF2MwsYxZ35JxEL",
        "payment_status": "paid",
        "amount": 200000,
        "amount_received": null,
        "paid_at": 1777147462,
        "last_payment_error": {}
      }
    },
    "created_at": "2026-04-25T20:04:12.717Z"
  }
},
{
  "model": "billing.payment",
  "pk": 7,
  "fields": {
    "consumer": 7,
    "billing": 8,
    "payment_method": "online",
    "payment_option": "full",
    "amount_paid": "5000.00",
    "discount_amount": "0.00",
    "payment_date": "2026-04-26",
    "covered_month": "2026-04-01",
    "status": "pending",
    "reference_number": "pi_1Zs4bUytpM2BLSVi1N5Yxkvi",
    "gateway": "paymongo",
    "gateway_reference": "pi_1Zs4bUytpM2BLSVi1N5Yxkvi",
    "gateway_payment_id": "pay_Ym6WsJHKtpC6G5iCpgBUJZjk",
    "gateway_status": "paid",
    "gateway_redirect_url": "https://secure-authentication.paymongo.com/sources?id=src_qwYQ7P5hf2c78Anq63FQVuSV",
    "gateway_response": {
      "payment_intent": {
        "id": "pi_1Zs4bUytpM2BLSVi1N5Yxkvi",
        "type": "payment_intent",
        "attributes": {
          "amount": 500000,
          "capture_type": "automatic",
          "client_key": "pi_1Zs4bUytpM2BLSVi1N5Yxkvi_client_98SN17Zu3KM3LJ1aUYJhEp4r",
          "currency": "PHP",
          "description": "Tabuan Water Billing payment for jingkysagang",
          "livemode": false,
          "original_amount": 500000,
          "statement_descriptor": "TABUAN WATER",
          "status": "succeeded",
          "last_payment_error": null,
          "payment_method_allowed": [
            "gcash"
          ],
          "payments": [
            {
              "id": "pay_Ym6WsJHKtpC6G5iCpgBUJZjk",
              "type": "payment",
              "attributes": {
                "access_url": null,
                "amount": 500000,
                "balance_transaction_id": "bal_txn_5Wt6EhzyYL3zUaTHr345NQKR",
                "billing": {
                  "address": {
                    "city": null,
                    "country": null,
                    "line1": null,
                    "line2": null,
                    "postal_code": null,
                    "state": null
                  },
                  "email": "johnmarkomale200@gmail.com",
                  "name": "jingkysagang",
                  "phone": "+639552479764"
                },
                "currency": "PHP",
                "description": "Tabuan Water Billing payment for jingkysagang",
                "digital_withholding_vat_amount": 0,
                "disputed": false,
                "external_reference_number": null,
                "fee": 12500,
                "instant_settlement": null,
                "livemode": false,
                "net_amount": 487500,
                "origin": "api",
                "payment_intent_id": "pi_1Zs4bUytpM2BLSVi1N5Yxkvi",
                "payout": null,
                "source": {
                  "id": "src_qwYQ7P5hf2c78Anq63FQVuSV",
                  "type": "gcash",
                  "provider": {
                    "id": null
                  },
                  "provider_id": null
                },
                "statement_descriptor": "TABUAN WATER",
                "status": "paid",
                "tax_amount": null,
                "metadata": {
                  "billing_month": "April 2026",
                  "payment_id": "7",
                  "cancel_url": "http://127.0.0.1:8000/payments/paymongo/7/cancel/",
                  "consumer_id": "7",
                  "billing_id": "8"
                },
                "promotion": null,
                "refunds": [],
                "taxes": [],
                "available_at": 1777453200,
                "created_at": 1777147508,
                "credited_at": 1777856400,
                "paid_at": 1777147508,
                "updated_at": 1777147508
              }
            }
          ],
          "next_action": null,
          "payment_method_options": null,
          "metadata": {
            "payment_id": "7",
            "billing_month": "April 2026",
            "billing_id": "8",
            "consumer_id": "7",
            "cancel_url": "http://127.0.0.1:8000/payments/paymongo/7/cancel/"
          },
          "setup_future_usage": null,
          "created_at": 1777147503,
          "updated_at": 1777147508
        }
      },
      "details": {
        "intent_id": "pi_1Zs4bUytpM2BLSVi1N5Yxkvi",
        "intent_status": "succeeded",
        "payment_id": "pay_Ym6WsJHKtpC6G5iCpgBUJZjk",
        "payment_status": "paid",
        "amount": 500000,
        "amount_received": null,
        "paid_at": 1777147508,
        "last_payment_error": {}
      }
    },
    "created_at": "2026-04-25T20:05:01.435Z"
  }
},
{
  "model": "billing.payment",
  "pk": 8,
  "fields": {
    "consumer": 9,
    "billing": 10,
    "payment_method": "online",
    "payment_option": "full",
    "amount_paid": "180.00",
    "discount_amount": "0.00",
    "payment_date": "2026-04-28",
    "covered_month": "2026-04-01",
    "status": "failed",
    "reference_number": "",
    "gateway": "",
    "gateway_reference": "",
    "gateway_payment_id": "",
    "gateway_status": "",
    "gateway_redirect_url": "",
    "gateway_response": {},
    "created_at": "2026-04-28T00:05:35.067Z"
  }
},
{
  "model": "billing.payment",
  "pk": 9,
  "fields": {
    "consumer": 9,
    "billing": 10,
    "payment_method": "cash",
    "payment_option": "full",
    "amount_paid": "800.00",
    "discount_amount": "0.00",
    "payment_date": "2026-04-28",
    "covered_month": "2026-04-01",
    "status": "pending",
    "reference_number": "kpn-222665",
    "gateway": "",
    "gateway_reference": "",
    "gateway_payment_id": "",
    "gateway_status": "",
    "gateway_redirect_url": "",
    "gateway_response": {},
    "created_at": "2026-04-28T00:05:58.210Z"
  }
},
{
  "model": "billing.payment",
  "pk": 10,
  "fields": {
    "consumer": 9,
    "billing": null,
    "payment_method": "online",
    "payment_option": "full",
    "amount_paid": "5400.00",
    "discount_amount": "0.00",
    "payment_date": "2026-04-28",
    "covered_month": "2026-05-01",
    "status": "completed",
    "reference_number": "pi_FKJLJEvEh6D8XgXpXQHnSnXv",
    "gateway": "paymongo",
    "gateway_reference": "pi_FKJLJEvEh6D8XgXpXQHnSnXv",
    "gateway_payment_id": "pay_RdyQggCLEPhQmYunvjhsxZKh",
    "gateway_status": "paid",
    "gateway_redirect_url": "https://secure-authentication.paymongo.com/sources?id=src_p8mdZzskfct8PT8pCqVPcAAR",
    "gateway_response": {
      "payment_intent": {
        "id": "pi_FKJLJEvEh6D8XgXpXQHnSnXv",
        "type": "payment_intent",
        "attributes": {
          "amount": 540000,
          "capture_type": "automatic",
          "client_key": "pi_FKJLJEvEh6D8XgXpXQHnSnXv_client_7JVm6M5EgJUQZXMH4xumo7om",
          "currency": "PHP",
          "description": "Tabuan Water Billing payment for angelito",
          "livemode": false,
          "original_amount": 540000,
          "statement_descriptor": "TABUAN WATER",
          "status": "succeeded",
          "last_payment_error": null,
          "payment_method_allowed": [
            "gcash"
          ],
          "payments": [
            {
              "id": "pay_RdyQggCLEPhQmYunvjhsxZKh",
              "type": "payment",
              "attributes": {
                "access_url": null,
                "amount": 540000,
                "balance_transaction_id": "bal_txn_Pd2aYoaGg8NMJ7CxgTDTa4YL",
                "billing": {
                  "address": {
                    "city": null,
                    "country": null,
                    "line1": null,
                    "line2": null,
                    "postal_code": null,
                    "state": null
                  },
                  "email": "angelitofeliciano143@gmail.com",
                  "name": "angelito",
                  "phone": "+639683167617"
                },
                "currency": "PHP",
                "description": "Tabuan Water Billing payment for angelito",
                "digital_withholding_vat_amount": 0,
                "disputed": false,
                "external_reference_number": null,
                "fee": 13500,
                "instant_settlement": null,
                "livemode": false,
                "net_amount": 526500,
                "origin": "api",
                "payment_intent_id": "pi_FKJLJEvEh6D8XgXpXQHnSnXv",
                "payout": null,
                "source": {
                  "id": "src_p8mdZzskfct8PT8pCqVPcAAR",
                  "type": "gcash",
                  "provider": {
                    "id": null
                  },
                  "provider_id": null
                },
                "statement_descriptor": "TABUAN WATER",
                "status": "paid",
                "tax_amount": null,
                "metadata": {
                  "payment_id": "10",
                  "billing_month": "May 2026",
                  "consumer_id": "9",
                  "billing_id": "",
                  "cancel_url": "http://127.0.0.1:8000/payments/paymongo/10/cancel/"
                },
                "promotion": null,
                "refunds": [],
                "taxes": [],
                "available_at": 1777626000,
                "created_at": 1777378595,
                "credited_at": 1777856400,
                "paid_at": 1777378595,
                "updated_at": 1777378595
              }
            }
          ],
          "next_action": null,
          "payment_method_options": null,
          "metadata": {
            "cancel_url": "http://127.0.0.1:8000/payments/paymongo/10/cancel/",
            "payment_id": "10",
            "billing_month": "May 2026",
            "billing_id": "",
            "consumer_id": "9"
          },
          "setup_future_usage": null,
          "created_at": 1777378581,
          "updated_at": 1777378595
        }
      },
      "details": {
        "intent_id": "pi_FKJLJEvEh6D8XgXpXQHnSnXv",
        "intent_status": "succeeded",
        "payment_id": "pay_RdyQggCLEPhQmYunvjhsxZKh",
        "payment_status": "paid",
        "amount": 540000,
        "amount_received": null,
        "paid_at": 1777378595,
        "last_payment_error": {}
      }
    },
    "created_at": "2026-04-28T12:16:19.916Z"
  }
},
{
  "model": "billing.payment",
  "pk": 11,
  "fields": {
    "consumer": 8,
    "billing": 9,
    "payment_method": "online",
    "payment_option": "full",
    "amount_paid": "500.00",
    "discount_amount": "0.00",
    "payment_date": "2026-04-29",
    "covered_month": "2026-04-01",
    "status": "completed",
    "reference_number": "",
    "gateway": "",
    "gateway_reference": "",
    "gateway_payment_id": "",
    "gateway_status": "",
    "gateway_redirect_url": "",
    "gateway_response": {},
    "created_at": "2026-04-28T20:44:24.353Z"
  }
},
{
  "model": "billing.payment",
  "pk": 12,
  "fields": {
    "consumer": 8,
    "billing": null,
    "payment_method": "online",
    "payment_option": "full",
    "amount_paid": "0.00",
    "discount_amount": "0.00",
    "payment_date": "2026-04-29",
    "covered_month": "2026-05-01",
    "status": "failed",
    "reference_number": "",
    "gateway": "",
    "gateway_reference": "",
    "gateway_payment_id": "",
    "gateway_status": "",
    "gateway_redirect_url": "",
    "gateway_response": {},
    "created_at": "2026-04-28T21:00:17.634Z"
  }
},
{
  "model": "billing.payment",
  "pk": 13,
  "fields": {
    "consumer": 9,
    "billing": 7,
    "payment_method": "cash",
    "payment_option": "partial",
    "amount_paid": "840.00",
    "discount_amount": "0.00",
    "payment_date": "2026-04-29",
    "covered_month": "2026-04-01",
    "status": "completed",
    "reference_number": "",
    "gateway": "",
    "gateway_reference": "",
    "gateway_payment_id": "",
    "gateway_status": "",
    "gateway_redirect_url": "",
    "gateway_response": {},
    "created_at": "2026-04-29T01:40:20.000Z"
  }
},
{
  "model": "billing.meterreading",
  "pk": 1,
  "fields": {
    "consumer": 1,
    "reading_date": "2026-04-21",
    "billing_month": "2026-04-01",
    "previous_reading": "0.00",
    "current_reading": "56.00",
    "usage_m3": "56.00",
    "notes": "",
    "submitted_by": [
      "waterbill"
    ],
    "created_at": "2026-04-21T07:17:14.855Z",
    "updated_at": "2026-04-21T07:17:14.855Z"
  }
},
{
  "model": "billing.meterreading",
  "pk": 2,
  "fields": {
    "consumer": 7,
    "reading_date": "2026-04-21",
    "billing_month": "2026-04-01",
    "previous_reading": "0.00",
    "current_reading": "200.00",
    "usage_m3": "65.00",
    "notes": ",AHkajhask",
    "submitted_by": [
      "reader"
    ],
    "created_at": "2026-04-21T08:19:46.228Z",
    "updated_at": "2026-04-21T09:11:32.885Z"
  }
},
{
  "model": "billing.meterreading",
  "pk": 3,
  "fields": {
    "consumer": 8,
    "reading_date": "2026-04-30",
    "billing_month": "2026-04-01",
    "previous_reading": "0.00",
    "current_reading": "12.00",
    "usage_m3": "500.00",
    "notes": "",
    "submitted_by": [
      "reader"
    ],
    "created_at": "2026-04-21T08:23:43.322Z",
    "updated_at": "2026-04-28T20:58:49.460Z"
  }
},
{
  "model": "billing.meterreading",
  "pk": 4,
  "fields": {
    "consumer": 9,
    "reading_date": "2026-04-28",
    "billing_month": "2026-04-01",
    "previous_reading": "0.00",
    "current_reading": "15.00",
    "usage_m3": "15.00",
    "notes": "",
    "submitted_by": [
      "reader"
    ],
    "created_at": "2026-04-28T00:02:26.053Z",
    "updated_at": "2026-04-28T12:22:36.218Z"
  }
},
{
  "model": "billing.meterreading",
  "pk": 5,
  "fields": {
    "consumer": 1,
    "reading_date": "2026-05-06",
    "billing_month": "2026-05-01",
    "previous_reading": "56.00",
    "current_reading": "60.00",
    "usage_m3": "4.00",
    "notes": "",
    "submitted_by": [
      "reader"
    ],
    "created_at": "2026-04-28T12:31:28.173Z",
    "updated_at": "2026-04-28T12:31:30.910Z"
  }
},
{
  "model": "billing.meterreading",
  "pk": 6,
  "fields": {
    "consumer": 10,
    "reading_date": "2026-04-29",
    "billing_month": "2026-04-01",
    "previous_reading": "0.00",
    "current_reading": "15.00",
    "usage_m3": "15.00",
    "notes": "",
    "submitted_by": [
      "reader"
    ],
    "created_at": "2026-04-29T01:40:50.585Z",
    "updated_at": "2026-04-29T01:40:50.585Z"
  }
},
{
  "model": "billing.notification",
  "pk": 1,
  "fields": {
    "recipient": [
      "john"
    ],
    "consumer": 1,
    "billing": 7,
    "payment": null,
    "meter_reading": 1,
    "channel": "in_app",
    "notification_type": "reading",
    "title": "New meter reading submitted",
    "message": "New meter reading for John Mark Omale: current reading 56, usage 56 cubic meters.",
    "status": "sent",
    "is_read": false,
    "response_message": "",
    "created_at": "2026-04-21T07:17:14.875Z"
  }
},
{
  "model": "billing.notification",
  "pk": 2,
  "fields": {
    "recipient": [
      "waterbill"
    ],
    "consumer": 1,
    "billing": 7,
    "payment": null,
    "meter_reading": 1,
    "channel": "in_app",
    "notification_type": "reading",
    "title": "New meter reading submitted",
    "message": "New meter reading for John Mark Omale: current reading 56, usage 56 cubic meters.",
    "status": "sent",
    "is_read": false,
    "response_message": "",
    "created_at": "2026-04-21T07:17:14.882Z"
  }
},
{
  "model": "billing.notification",
  "pk": 3,
  "fields": {
    "recipient": [
      "waterbill"
    ],
    "consumer": 1,
    "billing": 7,
    "payment": null,
    "meter_reading": 1,
    "channel": "in_app",
    "notification_type": "reading",
    "title": "New meter reading recorded",
    "message": "Your meter reading for April 2026 has been posted. Usage: 56 cubic meters. Bill total: PHP 1120.00. Due date: May 06, 2026.",
    "status": "sent",
    "is_read": false,
    "response_message": "",
    "created_at": "2026-04-21T07:17:14.889Z"
  }
},
{
  "model": "billing.notification",
  "pk": 4,
  "fields": {
    "recipient": null,
    "consumer": 1,
    "billing": 7,
    "payment": null,
    "meter_reading": 1,
    "channel": "email",
    "notification_type": "reading",
    "title": "New meter reading recorded",
    "message": "Your meter reading for April 2026 has been posted. Usage: 56 cubic meters. Bill total: PHP 1120.00. Due date: May 06, 2026.",
    "status": "sent",
    "is_read": true,
    "response_message": "Email sent to johnmarkomale200@gmail.com.",
    "created_at": "2026-04-21T07:17:14.910Z"
  }
},
{
  "model": "billing.notification",
  "pk": 5,
  "fields": {
    "recipient": [
      "waterbill"
    ],
    "consumer": 1,
    "billing": 1,
    "payment": 2,
    "meter_reading": null,
    "channel": "in_app",
    "notification_type": "payment",
    "title": "Payment status update",
    "message": "Your payment of PHP 400.00 for John Mark Omale was marked as completed on April 21, 2026.",
    "status": "sent",
    "is_read": false,
    "response_message": "",
    "created_at": "2026-04-21T07:17:36.571Z"
  }
},
{
  "model": "billing.notification",
  "pk": 6,
  "fields": {
    "recipient": null,
    "consumer": 1,
    "billing": 1,
    "payment": 2,
    "meter_reading": null,
    "channel": "email",
    "notification_type": "payment",
    "title": "Payment status update",
    "message": "Your payment of PHP 400.00 for John Mark Omale was marked as completed on April 21, 2026.",
    "status": "sent",
    "is_read": true,
    "response_message": "Email sent to johnmarkomale200@gmail.com.",
    "created_at": "2026-04-21T07:17:36.582Z"
  }
},
{
  "model": "billing.notification",
  "pk": 7,
  "fields": {
    "recipient": null,
    "consumer": 1,
    "billing": null,
    "payment": null,
    "meter_reading": null,
    "channel": "sms",
    "notification_type": "admin",
    "title": "SMS Notification",
    "message": "hello",
    "status": "failed",
    "is_read": true,
    "response_message": "Twilio settings are not configured.",
    "created_at": "2026-04-21T07:40:22.789Z"
  }
},
{
  "model": "billing.notification",
  "pk": 8,
  "fields": {
    "recipient": [
      "waterbill"
    ],
    "consumer": 1,
    "billing": null,
    "payment": null,
    "meter_reading": null,
    "channel": "in_app",
    "notification_type": "admin",
    "title": "Message from the water billing office",
    "message": "hello",
    "status": "sent",
    "is_read": false,
    "response_message": "",
    "created_at": "2026-04-21T07:40:22.797Z"
  }
},
{
  "model": "billing.notification",
  "pk": 9,
  "fields": {
    "recipient": [
      "john"
    ],
    "consumer": 7,
    "billing": 8,
    "payment": null,
    "meter_reading": 2,
    "channel": "in_app",
    "notification_type": "reading",
    "title": "New meter reading submitted",
    "message": "New meter reading for jingkysagang: current reading 65, usage 65 cubic meters.",
    "status": "sent",
    "is_read": false,
    "response_message": "",
    "created_at": "2026-04-21T08:19:46.252Z"
  }
},
{
  "model": "billing.notification",
  "pk": 10,
  "fields": {
    "recipient": [
      "waterbill"
    ],
    "consumer": 7,
    "billing": 8,
    "payment": null,
    "meter_reading": 2,
    "channel": "in_app",
    "notification_type": "reading",
    "title": "New meter reading submitted",
    "message": "New meter reading for jingkysagang: current reading 65, usage 65 cubic meters.",
    "status": "sent",
    "is_read": false,
    "response_message": "",
    "created_at": "2026-04-21T08:19:46.258Z"
  }
},
{
  "model": "billing.notification",
  "pk": 11,
  "fields": {
    "recipient": [
      "secretary"
    ],
    "consumer": 7,
    "billing": 8,
    "payment": null,
    "meter_reading": 2,
    "channel": "in_app",
    "notification_type": "reading",
    "title": "New meter reading submitted",
    "message": "New meter reading for jingkysagang: current reading 65, usage 65 cubic meters.",
    "status": "sent",
    "is_read": false,
    "response_message": "",
    "created_at": "2026-04-21T08:19:46.263Z"
  }
},
{
  "model": "billing.notification",
  "pk": 12,
  "fields": {
    "recipient": [
      "waterbilling"
    ],
    "consumer": 7,
    "billing": 8,
    "payment": null,
    "meter_reading": 2,
    "channel": "in_app",
    "notification_type": "reading",
    "title": "New meter reading submitted",
    "message": "New meter reading for jingkysagang: current reading 65, usage 65 cubic meters.",
    "status": "sent",
    "is_read": false,
    "response_message": "",
    "created_at": "2026-04-21T08:19:46.270Z"
  }
},
{
  "model": "billing.notification",
  "pk": 13,
  "fields": {
    "recipient": [
      "jingky"
    ],
    "consumer": 7,
    "billing": 8,
    "payment": null,
    "meter_reading": 2,
    "channel": "in_app",
    "notification_type": "reading",
    "title": "New meter reading recorded",
    "message": "Your meter reading for April 2026 has been posted. Usage: 65 cubic meters. Bill total: PHP 1300.00. Due date: May 06, 2026.",
    "status": "sent",
    "is_read": true,
    "response_message": "",
    "created_at": "2026-04-21T08:19:46.278Z"
  }
},
{
  "model": "billing.notification",
  "pk": 14,
  "fields": {
    "recipient": null,
    "consumer": 7,
    "billing": 8,
    "payment": null,
    "meter_reading": 2,
    "channel": "email",
    "notification_type": "reading",
    "title": "New meter reading recorded",
    "message": "Your meter reading for April 2026 has been posted. Usage: 65 cubic meters. Bill total: PHP 1300.00. Due date: May 06, 2026.",
    "status": "sent",
    "is_read": true,
    "response_message": "Email sent to johnmarkomale200@gmail.com.",
    "created_at": "2026-04-21T08:19:46.304Z"
  }
},
{
  "model": "billing.notification",
  "pk": 15,
  "fields": {
    "recipient": [
      "john"
    ],
    "consumer": 8,
    "billing": 9,
    "payment": null,
    "meter_reading": 3,
    "channel": "in_app",
    "notification_type": "reading",
    "title": "New meter reading submitted",
    "message": "New meter reading for john mark joseph: current reading 500, usage 500 cubic meters.",
    "status": "sent",
    "is_read": false,
    "response_message": "",
    "created_at": "2026-04-21T08:23:43.349Z"
  }
},
{
  "model": "billing.notification",
  "pk": 16,
  "fields": {
    "recipient": [
      "waterbill"
    ],
    "consumer": 8,
    "billing": 9,
    "payment": null,
    "meter_reading": 3,
    "channel": "in_app",
    "notification_type": "reading",
    "title": "New meter reading submitted",
    "message": "New meter reading for john mark joseph: current reading 500, usage 500 cubic meters.",
    "status": "sent",
    "is_read": false,
    "response_message": "",
    "created_at": "2026-04-21T08:23:43.355Z"
  }
},
{
  "model": "billing.notification",
  "pk": 17,
  "fields": {
    "recipient": [
      "secretary"
    ],
    "consumer": 8,
    "billing": 9,
    "payment": null,
    "meter_reading": 3,
    "channel": "in_app",
    "notification_type": "reading",
    "title": "New meter reading submitted",
    "message": "New meter reading for john mark joseph: current reading 500, usage 500 cubic meters.",
    "status": "sent",
    "is_read": false,
    "response_message": "",
    "created_at": "2026-04-21T08:23:43.362Z"
  }
},
{
  "model": "billing.notification",
  "pk": 18,
  "fields": {
    "recipient": [
      "waterbilling"
    ],
    "consumer": 8,
    "billing": 9,
    "payment": null,
    "meter_reading": 3,
    "channel": "in_app",
    "notification_type": "reading",
    "title": "New meter reading submitted",
    "message": "New meter reading for john mark joseph: current reading 500, usage 500 cubic meters.",
    "status": "sent",
    "is_read": false,
    "response_message": "",
    "created_at": "2026-04-21T08:23:43.368Z"
  }
},
{
  "model": "billing.notification",
  "pk": 19,
  "fields": {
    "recipient": [
      "nuique123"
    ],
    "consumer": 8,
    "billing": 9,
    "payment": null,
    "meter_reading": 3,
    "channel": "in_app",
    "notification_type": "reading",
    "title": "New meter reading recorded",
    "message": "Your meter reading for April 2026 has been posted. Usage: 500 cubic meters. Bill total: PHP 10000.00. Due date: May 06, 2026.",
    "status": "sent",
    "is_read": true,
    "response_message": "",
    "created_at": "2026-04-21T08:23:43.378Z"
  }
},
{
  "model": "billing.notification",
  "pk": 20,
  "fields": {
    "recipient": null,
    "consumer": 8,
    "billing": 9,
    "payment": null,
    "meter_reading": 3,
    "channel": "email",
    "notification_type": "reading",
    "title": "New meter reading recorded",
    "message": "Your meter reading for April 2026 has been posted. Usage: 500 cubic meters. Bill total: PHP 10000.00. Due date: May 06, 2026.",
    "status": "sent",
    "is_read": true,
    "response_message": "Email sent to johnmarkomale200@gmail.com.",
    "created_at": "2026-04-21T08:23:43.388Z"
  }
},
{
  "model": "billing.notification",
  "pk": 21,
  "fields": {
    "recipient": [
      "john"
    ],
    "consumer": 8,
    "billing": 9,
    "payment": 3,
    "meter_reading": null,
    "channel": "in_app",
    "notification_type": "payment",
    "title": "New payment submitted by consumer",
    "message": "john mark joseph submitted a GCash payment of PHP 10000.",
    "status": "sent",
    "is_read": false,
    "response_message": "",
    "created_at": "2026-04-21T08:24:26.913Z"
  }
},
{
  "model": "billing.notification",
  "pk": 22,
  "fields": {
    "recipient": [
      "waterbill"
    ],
    "consumer": 8,
    "billing": 9,
    "payment": 3,
    "meter_reading": null,
    "channel": "in_app",
    "notification_type": "payment",
    "title": "New payment submitted by consumer",
    "message": "john mark joseph submitted a GCash payment of PHP 10000.",
    "status": "sent",
    "is_read": false,
    "response_message": "",
    "created_at": "2026-04-21T08:24:26.918Z"
  }
},
{
  "model": "billing.notification",
  "pk": 23,
  "fields": {
    "recipient": [
      "treasurer"
    ],
    "consumer": 8,
    "billing": 9,
    "payment": 3,
    "meter_reading": null,
    "channel": "in_app",
    "notification_type": "payment",
    "title": "New payment submitted by consumer",
    "message": "john mark joseph submitted a GCash payment of PHP 10000.",
    "status": "sent",
    "is_read": false,
    "response_message": "",
    "created_at": "2026-04-21T08:24:26.926Z"
  }
},
{
  "model": "billing.notification",
  "pk": 24,
  "fields": {
    "recipient": [
      "waterbilling"
    ],
    "consumer": 8,
    "billing": 9,
    "payment": 3,
    "meter_reading": null,
    "channel": "in_app",
    "notification_type": "payment",
    "title": "New payment submitted by consumer",
    "message": "john mark joseph submitted a GCash payment of PHP 10000.",
    "status": "sent",
    "is_read": false,
    "response_message": "",
    "created_at": "2026-04-21T08:24:26.930Z"
  }
},
{
  "model": "billing.notification",
  "pk": 25,
  "fields": {
    "recipient": [
      "nuique123"
    ],
    "consumer": 8,
    "billing": 9,
    "payment": 3,
    "meter_reading": null,
    "channel": "in_app",
    "notification_type": "payment",
    "title": "Payment status update",
    "message": "Your payment of PHP 10000 for john mark joseph was marked as pending on April 21, 2026.",
    "status": "sent",
    "is_read": true,
    "response_message": "",
    "created_at": "2026-04-21T08:24:26.934Z"
  }
},
{
  "model": "billing.notification",
  "pk": 26,
  "fields": {
    "recipient": null,
    "consumer": 8,
    "billing": 9,
    "payment": 3,
    "meter_reading": null,
    "channel": "email",
    "notification_type": "payment",
    "title": "Payment status update",
    "message": "Your payment of PHP 10000 for john mark joseph was marked as pending on April 21, 2026.",
    "status": "sent",
    "is_read": true,
    "response_message": "Email sent to johnmarkomale200@gmail.com.",
    "created_at": "2026-04-21T08:24:26.943Z"
  }
},
{
  "model": "billing.notification",
  "pk": 27,
  "fields": {
    "recipient": [
      "nuique123"
    ],
    "consumer": 8,
    "billing": 9,
    "payment": 3,
    "meter_reading": null,
    "channel": "in_app",
    "notification_type": "payment",
    "title": "Payment status update",
    "message": "Your payment of PHP 10000.00 for john mark joseph was marked as pending on April 21, 2026.",
    "status": "sent",
    "is_read": true,
    "response_message": "",
    "created_at": "2026-04-21T08:26:30.476Z"
  }
},
{
  "model": "billing.notification",
  "pk": 28,
  "fields": {
    "recipient": null,
    "consumer": 8,
    "billing": 9,
    "payment": 3,
    "meter_reading": null,
    "channel": "email",
    "notification_type": "payment",
    "title": "Payment status update",
    "message": "Your payment of PHP 10000.00 for john mark joseph was marked as pending on April 21, 2026.",
    "status": "sent",
    "is_read": true,
    "response_message": "Email sent to johnmarkomale200@gmail.com.",
    "created_at": "2026-04-21T08:26:30.498Z"
  }
},
{
  "model": "billing.notification",
  "pk": 29,
  "fields": {
    "recipient": [
      "nuique123"
    ],
    "consumer": 8,
    "billing": 9,
    "payment": 3,
    "meter_reading": null,
    "channel": "in_app",
    "notification_type": "payment",
    "title": "Payment status update",
    "message": "Your payment of PHP 10000.00 for john mark joseph was marked as pending on April 21, 2026.",
    "status": "sent",
    "is_read": true,
    "response_message": "",
    "created_at": "2026-04-21T08:26:33.721Z"
  }
},
{
  "model": "billing.notification",
  "pk": 30,
  "fields": {
    "recipient": null,
    "consumer": 8,
    "billing": 9,
    "payment": 3,
    "meter_reading": null,
    "channel": "email",
    "notification_type": "payment",
    "title": "Payment status update",
    "message": "Your payment of PHP 10000.00 for john mark joseph was marked as pending on April 21, 2026.",
    "status": "sent",
    "is_read": true,
    "response_message": "Email sent to johnmarkomale200@gmail.com.",
    "created_at": "2026-04-21T08:26:33.737Z"
  }
},
{
  "model": "billing.notification",
  "pk": 31,
  "fields": {
    "recipient": [
      "nuique123"
    ],
    "consumer": 8,
    "billing": 9,
    "payment": 3,
    "meter_reading": null,
    "channel": "in_app",
    "notification_type": "payment",
    "title": "Payment status update",
    "message": "Your payment of PHP 10000.00 for john mark joseph was marked as pending on April 21, 2026.",
    "status": "sent",
    "is_read": true,
    "response_message": "",
    "created_at": "2026-04-21T08:26:34.329Z"
  }
},
{
  "model": "billing.notification",
  "pk": 32,
  "fields": {
    "recipient": null,
    "consumer": 8,
    "billing": 9,
    "payment": 3,
    "meter_reading": null,
    "channel": "email",
    "notification_type": "payment",
    "title": "Payment status update",
    "message": "Your payment of PHP 10000.00 for john mark joseph was marked as pending on April 21, 2026.",
    "status": "sent",
    "is_read": true,
    "response_message": "Email sent to johnmarkomale200@gmail.com.",
    "created_at": "2026-04-21T08:26:34.342Z"
  }
},
{
  "model": "billing.notification",
  "pk": 33,
  "fields": {
    "recipient": [
      "nuique123"
    ],
    "consumer": 8,
    "billing": 9,
    "payment": 3,
    "meter_reading": null,
    "channel": "in_app",
    "notification_type": "payment",
    "title": "Payment status update",
    "message": "Your payment of PHP 10000.00 for john mark joseph was marked as pending on April 21, 2026.",
    "status": "sent",
    "is_read": true,
    "response_message": "",
    "created_at": "2026-04-21T08:26:34.747Z"
  }
},
{
  "model": "billing.notification",
  "pk": 34,
  "fields": {
    "recipient": null,
    "consumer": 8,
    "billing": 9,
    "payment": 3,
    "meter_reading": null,
    "channel": "email",
    "notification_type": "payment",
    "title": "Payment status update",
    "message": "Your payment of PHP 10000.00 for john mark joseph was marked as pending on April 21, 2026.",
    "status": "sent",
    "is_read": true,
    "response_message": "Email sent to johnmarkomale200@gmail.com.",
    "created_at": "2026-04-21T08:26:34.758Z"
  }
},
{
  "model": "billing.notification",
  "pk": 35,
  "fields": {
    "recipient": [
      "nuique123"
    ],
    "consumer": 8,
    "billing": 9,
    "payment": 3,
    "meter_reading": null,
    "channel": "in_app",
    "notification_type": "payment",
    "title": "Payment status update",
    "message": "Your payment of PHP 10000.00 for john mark joseph was marked as pending on April 21, 2026.",
    "status": "sent",
    "is_read": true,
    "response_message": "",
    "created_at": "2026-04-21T08:26:47.618Z"
  }
},
{
  "model": "billing.notification",
  "pk": 36,
  "fields": {
    "recipient": null,
    "consumer": 8,
    "billing": 9,
    "payment": 3,
    "meter_reading": null,
    "channel": "email",
    "notification_type": "payment",
    "title": "Payment status update",
    "message": "Your payment of PHP 10000.00 for john mark joseph was marked as pending on April 21, 2026.",
    "status": "sent",
    "is_read": true,
    "response_message": "Email sent to johnmarkomale200@gmail.com.",
    "created_at": "2026-04-21T08:26:47.635Z"
  }
},
{
  "model": "billing.notification",
  "pk": 37,
  "fields": {
    "recipient": [
      "nuique123"
    ],
    "consumer": 8,
    "billing": 9,
    "payment": 3,
    "meter_reading": null,
    "channel": "in_app",
    "notification_type": "payment",
    "title": "Payment status update",
    "message": "Your payment of PHP 10000.00 for john mark joseph was marked as pending on April 21, 2026.",
    "status": "sent",
    "is_read": true,
    "response_message": "",
    "created_at": "2026-04-21T08:26:47.895Z"
  }
},
{
  "model": "billing.notification",
  "pk": 38,
  "fields": {
    "recipient": null,
    "consumer": 8,
    "billing": 9,
    "payment": 3,
    "meter_reading": null,
    "channel": "email",
    "notification_type": "payment",
    "title": "Payment status update",
    "message": "Your payment of PHP 10000.00 for john mark joseph was marked as pending on April 21, 2026.",
    "status": "sent",
    "is_read": true,
    "response_message": "Email sent to johnmarkomale200@gmail.com.",
    "created_at": "2026-04-21T08:26:47.906Z"
  }
},
{
  "model": "billing.notification",
  "pk": 39,
  "fields": {
    "recipient": [
      "john"
    ],
    "consumer": 8,
    "billing": null,
    "payment": 4,
    "meter_reading": null,
    "channel": "in_app",
    "notification_type": "payment",
    "title": "New payment submitted by consumer",
    "message": "john mark joseph submitted a Cash payment of PHP 10000.",
    "status": "sent",
    "is_read": false,
    "response_message": "",
    "created_at": "2026-04-21T08:27:30.073Z"
  }
},
{
  "model": "billing.notification",
  "pk": 40,
  "fields": {
    "recipient": [
      "waterbill"
    ],
    "consumer": 8,
    "billing": null,
    "payment": 4,
    "meter_reading": null,
    "channel": "in_app",
    "notification_type": "payment",
    "title": "New payment submitted by consumer",
    "message": "john mark joseph submitted a Cash payment of PHP 10000.",
    "status": "sent",
    "is_read": false,
    "response_message": "",
    "created_at": "2026-04-21T08:27:30.082Z"
  }
},
{
  "model": "billing.notification",
  "pk": 41,
  "fields": {
    "recipient": [
      "treasurer"
    ],
    "consumer": 8,
    "billing": null,
    "payment": 4,
    "meter_reading": null,
    "channel": "in_app",
    "notification_type": "payment",
    "title": "New payment submitted by consumer",
    "message": "john mark joseph submitted a Cash payment of PHP 10000.",
    "status": "sent",
    "is_read": false,
    "response_message": "",
    "created_at": "2026-04-21T08:27:30.087Z"
  }
},
{
  "model": "billing.notification",
  "pk": 42,
  "fields": {
    "recipient": [
      "waterbilling"
    ],
    "consumer": 8,
    "billing": null,
    "payment": 4,
    "meter_reading": null,
    "channel": "in_app",
    "notification_type": "payment",
    "title": "New payment submitted by consumer",
    "message": "john mark joseph submitted a Cash payment of PHP 10000.",
    "status": "sent",
    "is_read": false,
    "response_message": "",
    "created_at": "2026-04-21T08:27:30.092Z"
  }
},
{
  "model": "billing.notification",
  "pk": 43,
  "fields": {
    "recipient": [
      "nuique123"
    ],
    "consumer": 8,
    "billing": null,
    "payment": 4,
    "meter_reading": null,
    "channel": "in_app",
    "notification_type": "payment",
    "title": "Payment status update",
    "message": "Your payment of PHP 10000 for john mark joseph was marked as pending on April 21, 2026.",
    "status": "sent",
    "is_read": true,
    "response_message": "",
    "created_at": "2026-04-21T08:27:30.102Z"
  }
},
{
  "model": "billing.notification",
  "pk": 44,
  "fields": {
    "recipient": null,
    "consumer": 8,
    "billing": null,
    "payment": 4,
    "meter_reading": null,
    "channel": "email",
    "notification_type": "payment",
    "title": "Payment status update",
    "message": "Your payment of PHP 10000 for john mark joseph was marked as pending on April 21, 2026.",
    "status": "sent",
    "is_read": true,
    "response_message": "Email sent to johnmarkomale200@gmail.com.",
    "created_at": "2026-04-21T08:27:30.114Z"
  }
},
{
  "model": "billing.notification",
  "pk": 45,
  "fields": {
    "recipient": [
      "nuique123"
    ],
    "consumer": 8,
    "billing": 9,
    "payment": 3,
    "meter_reading": null,
    "channel": "in_app",
    "notification_type": "payment",
    "title": "Payment status update",
    "message": "Your payment of PHP 10000.00 for john mark joseph was marked as pending on April 21, 2026.",
    "status": "sent",
    "is_read": true,
    "response_message": "",
    "created_at": "2026-04-21T08:28:29.391Z"
  }
},
{
  "model": "billing.notification",
  "pk": 46,
  "fields": {
    "recipient": null,
    "consumer": 8,
    "billing": 9,
    "payment": 3,
    "meter_reading": null,
    "channel": "email",
    "notification_type": "payment",
    "title": "Payment status update",
    "message": "Your payment of PHP 10000.00 for john mark joseph was marked as pending on April 21, 2026.",
    "status": "sent",
    "is_read": true,
    "response_message": "Email sent to johnmarkomale200@gmail.com.",
    "created_at": "2026-04-21T08:28:29.400Z"
  }
},
{
  "model": "billing.notification",
  "pk": 47,
  "fields": {
    "recipient": [
      "john"
    ],
    "consumer": 7,
    "billing": 8,
    "payment": null,
    "meter_reading": 2,
    "channel": "in_app",
    "notification_type": "reading",
    "title": "New meter reading submitted",
    "message": "New meter reading for jingkysagang: current reading 200, usage 200 cubic meters.",
    "status": "sent",
    "is_read": false,
    "response_message": "",
    "created_at": "2026-04-21T09:11:32.911Z"
  }
},
{
  "model": "billing.notification",
  "pk": 48,
  "fields": {
    "recipient": [
      "waterbill"
    ],
    "consumer": 7,
    "billing": 8,
    "payment": null,
    "meter_reading": 2,
    "channel": "in_app",
    "notification_type": "reading",
    "title": "New meter reading submitted",
    "message": "New meter reading for jingkysagang: current reading 200, usage 200 cubic meters.",
    "status": "sent",
    "is_read": false,
    "response_message": "",
    "created_at": "2026-04-21T09:11:32.919Z"
  }
},
{
  "model": "billing.notification",
  "pk": 49,
  "fields": {
    "recipient": [
      "secretary"
    ],
    "consumer": 7,
    "billing": 8,
    "payment": null,
    "meter_reading": 2,
    "channel": "in_app",
    "notification_type": "reading",
    "title": "New meter reading submitted",
    "message": "New meter reading for jingkysagang: current reading 200, usage 200 cubic meters.",
    "status": "sent",
    "is_read": false,
    "response_message": "",
    "created_at": "2026-04-21T09:11:32.927Z"
  }
},
{
  "model": "billing.notification",
  "pk": 50,
  "fields": {
    "recipient": [
      "waterbilling"
    ],
    "consumer": 7,
    "billing": 8,
    "payment": null,
    "meter_reading": 2,
    "channel": "in_app",
    "notification_type": "reading",
    "title": "New meter reading submitted",
    "message": "New meter reading for jingkysagang: current reading 200, usage 200 cubic meters.",
    "status": "sent",
    "is_read": false,
    "response_message": "",
    "created_at": "2026-04-21T09:11:32.932Z"
  }
},
{
  "model": "billing.notification",
  "pk": 51,
  "fields": {
    "recipient": [
      "jingky"
    ],
    "consumer": 7,
    "billing": 8,
    "payment": null,
    "meter_reading": 2,
    "channel": "in_app",
    "notification_type": "reading",
    "title": "New meter reading recorded",
    "message": "Your meter reading for April 2026 has been posted. Usage: 200 cubic meters. Bill total: PHP 4000.00. Due date: May 06, 2026.",
    "status": "sent",
    "is_read": true,
    "response_message": "",
    "created_at": "2026-04-21T09:11:32.943Z"
  }
},
{
  "model": "billing.notification",
  "pk": 52,
  "fields": {
    "recipient": null,
    "consumer": 7,
    "billing": 8,
    "payment": null,
    "meter_reading": 2,
    "channel": "email",
    "notification_type": "reading",
    "title": "New meter reading recorded",
    "message": "Your meter reading for April 2026 has been posted. Usage: 200 cubic meters. Bill total: PHP 4000.00. Due date: May 06, 2026.",
    "status": "sent",
    "is_read": true,
    "response_message": "Email sent to johnmarkomale200@gmail.com.",
    "created_at": "2026-04-21T09:11:32.971Z"
  }
},
{
  "model": "billing.notification",
  "pk": 53,
  "fields": {
    "recipient": [
      "nuique123"
    ],
    "consumer": 8,
    "billing": null,
    "payment": 4,
    "meter_reading": null,
    "channel": "in_app",
    "notification_type": "payment",
    "title": "Payment status update",
    "message": "Your payment of PHP 10000.00 for john mark joseph was marked as pending on April 21, 2026.",
    "status": "sent",
    "is_read": true,
    "response_message": "",
    "created_at": "2026-04-21T09:15:42.037Z"
  }
},
{
  "model": "billing.notification",
  "pk": 54,
  "fields": {
    "recipient": null,
    "consumer": 8,
    "billing": null,
    "payment": 4,
    "meter_reading": null,
    "channel": "email",
    "notification_type": "payment",
    "title": "Payment status update",
    "message": "Your payment of PHP 10000.00 for john mark joseph was marked as pending on April 21, 2026.",
    "status": "sent",
    "is_read": true,
    "response_message": "Email sent to johnmarkomale200@gmail.com.",
    "created_at": "2026-04-21T09:15:42.049Z"
  }
},
{
  "model": "billing.notification",
  "pk": 55,
  "fields": {
    "recipient": null,
    "consumer": 1,
    "billing": null,
    "payment": null,
    "meter_reading": null,
    "channel": "sms",
    "notification_type": "admin",
    "title": "SMS Notification",
    "message": "kaJDLKASJKASALFJASKLJFKLASJ",
    "status": "failed",
    "is_read": true,
    "response_message": "Twilio settings are not configured.",
    "created_at": "2026-04-21T09:16:40.617Z"
  }
},
{
  "model": "billing.notification",
  "pk": 56,
  "fields": {
    "recipient": [
      "waterbill"
    ],
    "consumer": 1,
    "billing": null,
    "payment": null,
    "meter_reading": null,
    "channel": "in_app",
    "notification_type": "admin",
    "title": "Message from the water billing office",
    "message": "kaJDLKASJKASALFJASKLJFKLASJ",
    "status": "sent",
    "is_read": false,
    "response_message": "",
    "created_at": "2026-04-21T09:16:40.634Z"
  }
},
{
  "model": "billing.notification",
  "pk": 57,
  "fields": {
    "recipient": null,
    "consumer": 7,
    "billing": null,
    "payment": null,
    "meter_reading": null,
    "channel": "sms",
    "notification_type": "admin",
    "title": "SMS Notification",
    "message": "kaJDLKASJKASALFJASKLJFKLASJ",
    "status": "failed",
    "is_read": true,
    "response_message": "Twilio settings are not configured.",
    "created_at": "2026-04-21T09:16:40.643Z"
  }
},
{
  "model": "billing.notification",
  "pk": 58,
  "fields": {
    "recipient": [
      "jingky"
    ],
    "consumer": 7,
    "billing": null,
    "payment": null,
    "meter_reading": null,
    "channel": "in_app",
    "notification_type": "admin",
    "title": "Message from the water billing office",
    "message": "kaJDLKASJKASALFJASKLJFKLASJ",
    "status": "sent",
    "is_read": true,
    "response_message": "",
    "created_at": "2026-04-21T09:16:40.654Z"
  }
},
{
  "model": "billing.notification",
  "pk": 59,
  "fields": {
    "recipient": null,
    "consumer": 8,
    "billing": null,
    "payment": null,
    "meter_reading": null,
    "channel": "sms",
    "notification_type": "admin",
    "title": "SMS Notification",
    "message": "kaJDLKASJKASALFJASKLJFKLASJ",
    "status": "failed",
    "is_read": true,
    "response_message": "Twilio settings are not configured.",
    "created_at": "2026-04-21T09:16:40.663Z"
  }
},
{
  "model": "billing.notification",
  "pk": 60,
  "fields": {
    "recipient": [
      "nuique123"
    ],
    "consumer": 8,
    "billing": null,
    "payment": null,
    "meter_reading": null,
    "channel": "in_app",
    "notification_type": "admin",
    "title": "Message from the water billing office",
    "message": "kaJDLKASJKASALFJASKLJFKLASJ",
    "status": "sent",
    "is_read": true,
    "response_message": "",
    "created_at": "2026-04-21T09:16:40.673Z"
  }
},
{
  "model": "billing.notification",
  "pk": 61,
  "fields": {
    "recipient": null,
    "consumer": 1,
    "billing": null,
    "payment": null,
    "meter_reading": null,
    "channel": "email",
    "notification_type": "admin",
    "title": "hghg",
    "message": "asdasdas",
    "status": "failed",
    "is_read": true,
    "response_message": "EMAIL_DELIVERY_PROVIDER is set to console. Change it to sendgrid or smtp in the .env file for live email delivery.",
    "created_at": "2026-04-21T22:12:52.334Z"
  }
},
{
  "model": "billing.notification",
  "pk": 62,
  "fields": {
    "recipient": [
      "waterbill"
    ],
    "consumer": 1,
    "billing": null,
    "payment": null,
    "meter_reading": null,
    "channel": "in_app",
    "notification_type": "admin",
    "title": "hghg",
    "message": "asdasdas",
    "status": "sent",
    "is_read": false,
    "response_message": "",
    "created_at": "2026-04-21T22:12:52.353Z"
  }
},
{
  "model": "billing.notification",
  "pk": 63,
  "fields": {
    "recipient": null,
    "consumer": 7,
    "billing": null,
    "payment": null,
    "meter_reading": null,
    "channel": "email",
    "notification_type": "admin",
    "title": "hghg",
    "message": "asdasdas",
    "status": "failed",
    "is_read": true,
    "response_message": "EMAIL_DELIVERY_PROVIDER is set to console. Change it to sendgrid or smtp in the .env file for live email delivery.",
    "created_at": "2026-04-21T22:12:52.363Z"
  }
},
{
  "model": "billing.notification",
  "pk": 64,
  "fields": {
    "recipient": [
      "jingky"
    ],
    "consumer": 7,
    "billing": null,
    "payment": null,
    "meter_reading": null,
    "channel": "in_app",
    "notification_type": "admin",
    "title": "hghg",
    "message": "asdasdas",
    "status": "sent",
    "is_read": true,
    "response_message": "",
    "created_at": "2026-04-21T22:12:52.372Z"
  }
},
{
  "model": "billing.notification",
  "pk": 65,
  "fields": {
    "recipient": null,
    "consumer": 8,
    "billing": null,
    "payment": null,
    "meter_reading": null,
    "channel": "email",
    "notification_type": "admin",
    "title": "hghg",
    "message": "asdasdas",
    "status": "failed",
    "is_read": true,
    "response_message": "EMAIL_DELIVERY_PROVIDER is set to console. Change it to sendgrid or smtp in the .env file for live email delivery.",
    "created_at": "2026-04-21T22:12:52.379Z"
  }
},
{
  "model": "billing.notification",
  "pk": 66,
  "fields": {
    "recipient": [
      "nuique123"
    ],
    "consumer": 8,
    "billing": null,
    "payment": null,
    "meter_reading": null,
    "channel": "in_app",
    "notification_type": "admin",
    "title": "hghg",
    "message": "asdasdas",
    "status": "sent",
    "is_read": true,
    "response_message": "",
    "created_at": "2026-04-21T22:12:52.387Z"
  }
},
{
  "model": "billing.notification",
  "pk": 67,
  "fields": {
    "recipient": null,
    "consumer": 1,
    "billing": null,
    "payment": null,
    "meter_reading": null,
    "channel": "email",
    "notification_type": "admin",
    "title": "dsdsas",
    "message": "sdadas",
    "status": "failed",
    "is_read": true,
    "response_message": "EMAIL_DELIVERY_PROVIDER is set to console. Change it to sendgrid or smtp in the .env file for live email delivery.",
    "created_at": "2026-04-21T22:18:19.678Z"
  }
},
{
  "model": "billing.notification",
  "pk": 68,
  "fields": {
    "recipient": [
      "waterbill"
    ],
    "consumer": 1,
    "billing": null,
    "payment": null,
    "meter_reading": null,
    "channel": "in_app",
    "notification_type": "admin",
    "title": "dsdsas",
    "message": "sdadas",
    "status": "sent",
    "is_read": false,
    "response_message": "",
    "created_at": "2026-04-21T22:18:19.688Z"
  }
},
{
  "model": "billing.notification",
  "pk": 69,
  "fields": {
    "recipient": null,
    "consumer": 7,
    "billing": null,
    "payment": null,
    "meter_reading": null,
    "channel": "email",
    "notification_type": "admin",
    "title": "dsdsas",
    "message": "sdadas",
    "status": "failed",
    "is_read": true,
    "response_message": "EMAIL_DELIVERY_PROVIDER is set to console. Change it to sendgrid or smtp in the .env file for live email delivery.",
    "created_at": "2026-04-21T22:18:19.720Z"
  }
},
{
  "model": "billing.notification",
  "pk": 70,
  "fields": {
    "recipient": [
      "jingky"
    ],
    "consumer": 7,
    "billing": null,
    "payment": null,
    "meter_reading": null,
    "channel": "in_app",
    "notification_type": "admin",
    "title": "dsdsas",
    "message": "sdadas",
    "status": "sent",
    "is_read": true,
    "response_message": "",
    "created_at": "2026-04-21T22:18:19.726Z"
  }
},
{
  "model": "billing.notification",
  "pk": 71,
  "fields": {
    "recipient": null,
    "consumer": 8,
    "billing": null,
    "payment": null,
    "meter_reading": null,
    "channel": "email",
    "notification_type": "admin",
    "title": "dsdsas",
    "message": "sdadas",
    "status": "failed",
    "is_read": true,
    "response_message": "EMAIL_DELIVERY_PROVIDER is set to console. Change it to sendgrid or smtp in the .env file for live email delivery.",
    "created_at": "2026-04-21T22:18:19.732Z"
  }
},
{
  "model": "billing.notification",
  "pk": 72,
  "fields": {
    "recipient": [
      "nuique123"
    ],
    "consumer": 8,
    "billing": null,
    "payment": null,
    "meter_reading": null,
    "channel": "in_app",
    "notification_type": "admin",
    "title": "dsdsas",
    "message": "sdadas",
    "status": "sent",
    "is_read": true,
    "response_message": "",
    "created_at": "2026-04-21T22:18:19.739Z"
  }
},
{
  "model": "billing.notification",
  "pk": 73,
  "fields": {
    "recipient": null,
    "consumer": 1,
    "billing": null,
    "payment": null,
    "meter_reading": null,
    "channel": "email",
    "notification_type": "admin",
    "title": "ssd",
    "message": "dwd",
    "status": "failed",
    "is_read": true,
    "response_message": "EMAIL_DELIVERY_PROVIDER is set to console. Change it to sendgrid or smtp in the .env file for live email delivery.",
    "created_at": "2026-04-21T22:23:33.666Z"
  }
},
{
  "model": "billing.notification",
  "pk": 74,
  "fields": {
    "recipient": [
      "waterbill"
    ],
    "consumer": 1,
    "billing": null,
    "payment": null,
    "meter_reading": null,
    "channel": "in_app",
    "notification_type": "admin",
    "title": "ssd",
    "message": "dwd",
    "status": "sent",
    "is_read": false,
    "response_message": "",
    "created_at": "2026-04-21T22:23:33.675Z"
  }
},
{
  "model": "billing.notification",
  "pk": 75,
  "fields": {
    "recipient": null,
    "consumer": 7,
    "billing": null,
    "payment": null,
    "meter_reading": null,
    "channel": "email",
    "notification_type": "admin",
    "title": "ssd",
    "message": "dwd",
    "status": "failed",
    "is_read": true,
    "response_message": "EMAIL_DELIVERY_PROVIDER is set to console. Change it to sendgrid or smtp in the .env file for live email delivery.",
    "created_at": "2026-04-21T22:23:33.683Z"
  }
},
{
  "model": "billing.notification",
  "pk": 76,
  "fields": {
    "recipient": [
      "jingky"
    ],
    "consumer": 7,
    "billing": null,
    "payment": null,
    "meter_reading": null,
    "channel": "in_app",
    "notification_type": "admin",
    "title": "ssd",
    "message": "dwd",
    "status": "sent",
    "is_read": true,
    "response_message": "",
    "created_at": "2026-04-21T22:23:33.689Z"
  }
},
{
  "model": "billing.notification",
  "pk": 77,
  "fields": {
    "recipient": null,
    "consumer": 8,
    "billing": null,
    "payment": null,
    "meter_reading": null,
    "channel": "email",
    "notification_type": "admin",
    "title": "ssd",
    "message": "dwd",
    "status": "failed",
    "is_read": true,
    "response_message": "EMAIL_DELIVERY_PROVIDER is set to console. Change it to sendgrid or smtp in the .env file for live email delivery.",
    "created_at": "2026-04-21T22:23:33.697Z"
  }
},
{
  "model": "billing.notification",
  "pk": 78,
  "fields": {
    "recipient": [
      "nuique123"
    ],
    "consumer": 8,
    "billing": null,
    "payment": null,
    "meter_reading": null,
    "channel": "in_app",
    "notification_type": "admin",
    "title": "ssd",
    "message": "dwd",
    "status": "sent",
    "is_read": true,
    "response_message": "",
    "created_at": "2026-04-21T22:23:33.703Z"
  }
},
{
  "model": "billing.notification",
  "pk": 79,
  "fields": {
    "recipient": null,
    "consumer": 1,
    "billing": null,
    "payment": null,
    "meter_reading": null,
    "channel": "email",
    "notification_type": "admin",
    "title": "rerew",
    "message": "wrew",
    "status": "failed",
    "is_read": true,
    "response_message": "HTTP Error 401: Unauthorized",
    "created_at": "2026-04-21T22:34:29.847Z"
  }
},
{
  "model": "billing.notification",
  "pk": 80,
  "fields": {
    "recipient": [
      "waterbill"
    ],
    "consumer": 1,
    "billing": null,
    "payment": null,
    "meter_reading": null,
    "channel": "in_app",
    "notification_type": "admin",
    "title": "rerew",
    "message": "wrew",
    "status": "sent",
    "is_read": false,
    "response_message": "",
    "created_at": "2026-04-21T22:34:29.857Z"
  }
},
{
  "model": "billing.notification",
  "pk": 81,
  "fields": {
    "recipient": null,
    "consumer": 7,
    "billing": null,
    "payment": null,
    "meter_reading": null,
    "channel": "email",
    "notification_type": "admin",
    "title": "rerew",
    "message": "wrew",
    "status": "failed",
    "is_read": true,
    "response_message": "HTTP Error 401: Unauthorized",
    "created_at": "2026-04-21T22:34:30.687Z"
  }
},
{
  "model": "billing.notification",
  "pk": 82,
  "fields": {
    "recipient": [
      "jingky"
    ],
    "consumer": 7,
    "billing": null,
    "payment": null,
    "meter_reading": null,
    "channel": "in_app",
    "notification_type": "admin",
    "title": "rerew",
    "message": "wrew",
    "status": "sent",
    "is_read": true,
    "response_message": "",
    "created_at": "2026-04-21T22:34:30.699Z"
  }
},
{
  "model": "billing.notification",
  "pk": 83,
  "fields": {
    "recipient": null,
    "consumer": 8,
    "billing": null,
    "payment": null,
    "meter_reading": null,
    "channel": "email",
    "notification_type": "admin",
    "title": "rerew",
    "message": "wrew",
    "status": "failed",
    "is_read": true,
    "response_message": "HTTP Error 401: Unauthorized",
    "created_at": "2026-04-21T22:34:31.484Z"
  }
},
{
  "model": "billing.notification",
  "pk": 84,
  "fields": {
    "recipient": [
      "nuique123"
    ],
    "consumer": 8,
    "billing": null,
    "payment": null,
    "meter_reading": null,
    "channel": "in_app",
    "notification_type": "admin",
    "title": "rerew",
    "message": "wrew",
    "status": "sent",
    "is_read": true,
    "response_message": "",
    "created_at": "2026-04-21T22:34:31.494Z"
  }
},
{
  "model": "billing.notification",
  "pk": 85,
  "fields": {
    "recipient": null,
    "consumer": 1,
    "billing": null,
    "payment": null,
    "meter_reading": null,
    "channel": "sms",
    "notification_type": "admin",
    "title": "SMS Notification",
    "message": "dsd",
    "status": "failed",
    "is_read": true,
    "response_message": "Recipient phone number must be in E.164 format, for example +639171234567.",
    "created_at": "2026-04-21T22:34:58.486Z"
  }
},
{
  "model": "billing.notification",
  "pk": 86,
  "fields": {
    "recipient": [
      "waterbill"
    ],
    "consumer": 1,
    "billing": null,
    "payment": null,
    "meter_reading": null,
    "channel": "in_app",
    "notification_type": "admin",
    "title": "Message from the water billing office",
    "message": "dsd",
    "status": "sent",
    "is_read": false,
    "response_message": "",
    "created_at": "2026-04-21T22:34:58.493Z"
  }
},
{
  "model": "billing.notification",
  "pk": 87,
  "fields": {
    "recipient": null,
    "consumer": 7,
    "billing": null,
    "payment": null,
    "meter_reading": null,
    "channel": "sms",
    "notification_type": "admin",
    "title": "SMS Notification",
    "message": "dsd",
    "status": "failed",
    "is_read": true,
    "response_message": "Recipient phone number must be in E.164 format, for example +639171234567.",
    "created_at": "2026-04-21T22:34:58.501Z"
  }
},
{
  "model": "billing.notification",
  "pk": 88,
  "fields": {
    "recipient": [
      "jingky"
    ],
    "consumer": 7,
    "billing": null,
    "payment": null,
    "meter_reading": null,
    "channel": "in_app",
    "notification_type": "admin",
    "title": "Message from the water billing office",
    "message": "dsd",
    "status": "sent",
    "is_read": true,
    "response_message": "",
    "created_at": "2026-04-21T22:34:58.508Z"
  }
},
{
  "model": "billing.notification",
  "pk": 89,
  "fields": {
    "recipient": null,
    "consumer": 8,
    "billing": null,
    "payment": null,
    "meter_reading": null,
    "channel": "sms",
    "notification_type": "admin",
    "title": "SMS Notification",
    "message": "dsd",
    "status": "failed",
    "is_read": true,
    "response_message": "Recipient phone number must be in E.164 format, for example +639171234567.",
    "created_at": "2026-04-21T22:34:58.516Z"
  }
},
{
  "model": "billing.notification",
  "pk": 90,
  "fields": {
    "recipient": [
      "nuique123"
    ],
    "consumer": 8,
    "billing": null,
    "payment": null,
    "meter_reading": null,
    "channel": "in_app",
    "notification_type": "admin",
    "title": "Message from the water billing office",
    "message": "dsd",
    "status": "sent",
    "is_read": true,
    "response_message": "",
    "created_at": "2026-04-21T22:34:58.522Z"
  }
},
{
  "model": "billing.notification",
  "pk": 91,
  "fields": {
    "recipient": null,
    "consumer": null,
    "billing": null,
    "payment": null,
    "meter_reading": null,
    "channel": "email",
    "notification_type": "admin",
    "title": "collaborationd",
    "message": "dfsdf",
    "status": "sent",
    "is_read": true,
    "response_message": "SMTP email sent to johnmarkomale200@gmail.com.",
    "created_at": "2026-04-25T11:58:50.353Z"
  }
},
{
  "model": "billing.notification",
  "pk": 92,
  "fields": {
    "recipient": null,
    "consumer": 1,
    "billing": null,
    "payment": null,
    "meter_reading": null,
    "channel": "email",
    "notification_type": "admin",
    "title": "collaboration",
    "message": "dsfdfdsf",
    "status": "failed",
    "is_read": true,
    "response_message": "DEFAULT_FROM_EMAIL must be a valid email address.",
    "created_at": "2026-04-25T11:59:59.148Z"
  }
},
{
  "model": "billing.notification",
  "pk": 93,
  "fields": {
    "recipient": [
      "waterbill"
    ],
    "consumer": 1,
    "billing": null,
    "payment": null,
    "meter_reading": null,
    "channel": "in_app",
    "notification_type": "admin",
    "title": "collaboration",
    "message": "dsfdfdsf",
    "status": "sent",
    "is_read": false,
    "response_message": "",
    "created_at": "2026-04-25T11:59:59.155Z"
  }
},
{
  "model": "billing.notification",
  "pk": 94,
  "fields": {
    "recipient": null,
    "consumer": 7,
    "billing": null,
    "payment": null,
    "meter_reading": null,
    "channel": "email",
    "notification_type": "admin",
    "title": "collaboration",
    "message": "dsfdfdsf",
    "status": "failed",
    "is_read": true,
    "response_message": "DEFAULT_FROM_EMAIL must be a valid email address.",
    "created_at": "2026-04-25T11:59:59.160Z"
  }
},
{
  "model": "billing.notification",
  "pk": 95,
  "fields": {
    "recipient": [
      "jingky"
    ],
    "consumer": 7,
    "billing": null,
    "payment": null,
    "meter_reading": null,
    "channel": "in_app",
    "notification_type": "admin",
    "title": "collaboration",
    "message": "dsfdfdsf",
    "status": "sent",
    "is_read": true,
    "response_message": "",
    "created_at": "2026-04-25T11:59:59.166Z"
  }
},
{
  "model": "billing.notification",
  "pk": 96,
  "fields": {
    "recipient": null,
    "consumer": 8,
    "billing": null,
    "payment": null,
    "meter_reading": null,
    "channel": "email",
    "notification_type": "admin",
    "title": "collaboration",
    "message": "dsfdfdsf",
    "status": "failed",
    "is_read": true,
    "response_message": "DEFAULT_FROM_EMAIL must be a valid email address.",
    "created_at": "2026-04-25T11:59:59.171Z"
  }
},
{
  "model": "billing.notification",
  "pk": 97,
  "fields": {
    "recipient": [
      "nuique123"
    ],
    "consumer": 8,
    "billing": null,
    "payment": null,
    "meter_reading": null,
    "channel": "in_app",
    "notification_type": "admin",
    "title": "collaboration",
    "message": "dsfdfdsf",
    "status": "sent",
    "is_read": true,
    "response_message": "",
    "created_at": "2026-04-25T11:59:59.176Z"
  }
},
{
  "model": "billing.notification",
  "pk": 98,
  "fields": {
    "recipient": null,
    "consumer": null,
    "billing": null,
    "payment": null,
    "meter_reading": null,
    "channel": "email",
    "notification_type": "admin",
    "title": "ssad",
    "message": "sadasd",
    "status": "failed",
    "is_read": true,
    "response_message": "DEFAULT_FROM_EMAIL must be a valid email address.",
    "created_at": "2026-04-25T12:00:17.592Z"
  }
},
{
  "model": "billing.notification",
  "pk": 99,
  "fields": {
    "recipient": null,
    "consumer": null,
    "billing": null,
    "payment": null,
    "meter_reading": null,
    "channel": "email",
    "notification_type": "admin",
    "title": "gh",
    "message": "fgjgfhjg",
    "status": "sent",
    "is_read": true,
    "response_message": "SMTP email sent to johnmarkomale200@gmail.com.",
    "created_at": "2026-04-25T12:40:28.876Z"
  }
},
{
  "model": "billing.notification",
  "pk": 100,
  "fields": {
    "recipient": null,
    "consumer": null,
    "billing": null,
    "payment": null,
    "meter_reading": null,
    "channel": "email",
    "notification_type": "admin",
    "title": "gh",
    "message": "fgjgfhjg",
    "status": "sent",
    "is_read": true,
    "response_message": "SMTP email sent to johnmarkomale200@gmail.com.",
    "created_at": "2026-04-25T12:40:30.041Z"
  }
},
{
  "model": "billing.notification",
  "pk": 101,
  "fields": {
    "recipient": null,
    "consumer": 1,
    "billing": null,
    "payment": null,
    "meter_reading": null,
    "channel": "email",
    "notification_type": "admin",
    "title": "collaboration",
    "message": "adzzsfd",
    "status": "sent",
    "is_read": true,
    "response_message": "SMTP email sent to johnmarkomale200@gmail.com.",
    "created_at": "2026-04-25T12:58:34.913Z"
  }
},
{
  "model": "billing.notification",
  "pk": 102,
  "fields": {
    "recipient": [
      "waterbill"
    ],
    "consumer": 1,
    "billing": null,
    "payment": null,
    "meter_reading": null,
    "channel": "in_app",
    "notification_type": "admin",
    "title": "collaboration",
    "message": "adzzsfd",
    "status": "sent",
    "is_read": false,
    "response_message": "",
    "created_at": "2026-04-25T12:58:34.921Z"
  }
},
{
  "model": "billing.notification",
  "pk": 103,
  "fields": {
    "recipient": null,
    "consumer": null,
    "billing": null,
    "payment": null,
    "meter_reading": null,
    "channel": "sms",
    "notification_type": "admin",
    "title": "SMS Test",
    "message": "fdyhfgh",
    "status": "failed",
    "is_read": true,
    "response_message": "Add either TWILIO_ACCOUNT_SID + TWILIO_AUTH_TOKEN + TWILIO_PHONE_NUMBER, or TWILIO_ACCOUNT_SID + TWILIO_API_KEY_SID + TWILIO_API_KEY_SECRET + TWILIO_PHONE_NUMBER.",
    "created_at": "2026-04-25T12:58:57.895Z"
  }
},
{
  "model": "billing.notification",
  "pk": 104,
  "fields": {
    "recipient": null,
    "consumer": null,
    "billing": null,
    "payment": null,
    "meter_reading": null,
    "channel": "sms",
    "notification_type": "admin",
    "title": "SMS Test",
    "message": "ghhnghj",
    "status": "sent",
    "is_read": true,
    "response_message": "{\"success\":true,\"message\":\"Message sent successfully\"}",
    "created_at": "2026-04-25T19:22:06.999Z"
  }
},
{
  "model": "billing.notification",
  "pk": 105,
  "fields": {
    "recipient": null,
    "consumer": null,
    "billing": null,
    "payment": null,
    "meter_reading": null,
    "channel": "sms",
    "notification_type": "admin",
    "title": "SMS Test",
    "message": "xcvxcv",
    "status": "sent",
    "is_read": true,
    "response_message": "{\"success\":true,\"message\":\"Message sent successfully\"}",
    "created_at": "2026-04-25T19:23:11.425Z"
  }
},
{
  "model": "billing.notification",
  "pk": 106,
  "fields": {
    "recipient": null,
    "consumer": 1,
    "billing": null,
    "payment": null,
    "meter_reading": null,
    "channel": "email",
    "notification_type": "admin",
    "title": "sadsa",
    "message": "sadsa",
    "status": "sent",
    "is_read": true,
    "response_message": "SMTP email sent to johnmarkomale200@gmail.com.",
    "created_at": "2026-04-25T19:27:41.240Z"
  }
},
{
  "model": "billing.notification",
  "pk": 107,
  "fields": {
    "recipient": [
      "waterbill"
    ],
    "consumer": 1,
    "billing": null,
    "payment": null,
    "meter_reading": null,
    "channel": "in_app",
    "notification_type": "admin",
    "title": "sadsa",
    "message": "sadsa",
    "status": "sent",
    "is_read": false,
    "response_message": "",
    "created_at": "2026-04-25T19:27:41.257Z"
  }
},
{
  "model": "billing.notification",
  "pk": 108,
  "fields": {
    "recipient": null,
    "consumer": 7,
    "billing": null,
    "payment": null,
    "meter_reading": null,
    "channel": "email",
    "notification_type": "admin",
    "title": "sadsa",
    "message": "sadsa",
    "status": "sent",
    "is_read": true,
    "response_message": "SMTP email sent to johnmarkomale200@gmail.com.",
    "created_at": "2026-04-25T19:27:47.282Z"
  }
},
{
  "model": "billing.notification",
  "pk": 109,
  "fields": {
    "recipient": [
      "jingky"
    ],
    "consumer": 7,
    "billing": null,
    "payment": null,
    "meter_reading": null,
    "channel": "in_app",
    "notification_type": "admin",
    "title": "sadsa",
    "message": "sadsa",
    "status": "sent",
    "is_read": true,
    "response_message": "",
    "created_at": "2026-04-25T19:27:47.297Z"
  }
},
{
  "model": "billing.notification",
  "pk": 110,
  "fields": {
    "recipient": null,
    "consumer": 8,
    "billing": null,
    "payment": null,
    "meter_reading": null,
    "channel": "email",
    "notification_type": "admin",
    "title": "sadsa",
    "message": "sadsa",
    "status": "sent",
    "is_read": true,
    "response_message": "SMTP email sent to johnmarkomale200@gmail.com.",
    "created_at": "2026-04-25T19:27:53.033Z"
  }
},
{
  "model": "billing.notification",
  "pk": 111,
  "fields": {
    "recipient": [
      "nuique123"
    ],
    "consumer": 8,
    "billing": null,
    "payment": null,
    "meter_reading": null,
    "channel": "in_app",
    "notification_type": "admin",
    "title": "sadsa",
    "message": "sadsa",
    "status": "sent",
    "is_read": true,
    "response_message": "",
    "created_at": "2026-04-25T19:27:53.048Z"
  }
},
{
  "model": "billing.notification",
  "pk": 112,
  "fields": {
    "recipient": null,
    "consumer": 1,
    "billing": null,
    "payment": null,
    "meter_reading": null,
    "channel": "sms",
    "notification_type": "admin",
    "title": "SMS Notification",
    "message": "fsdfsdf",
    "status": "failed",
    "is_read": true,
    "response_message": "Recipient phone number must be in E.164 format, for example +639171234567.",
    "created_at": "2026-04-25T19:28:52.781Z"
  }
},
{
  "model": "billing.notification",
  "pk": 113,
  "fields": {
    "recipient": [
      "waterbill"
    ],
    "consumer": 1,
    "billing": null,
    "payment": null,
    "meter_reading": null,
    "channel": "in_app",
    "notification_type": "admin",
    "title": "Message from the water billing office",
    "message": "fsdfsdf",
    "status": "sent",
    "is_read": false,
    "response_message": "",
    "created_at": "2026-04-25T19:28:52.797Z"
  }
},
{
  "model": "billing.notification",
  "pk": 114,
  "fields": {
    "recipient": null,
    "consumer": 7,
    "billing": null,
    "payment": null,
    "meter_reading": null,
    "channel": "sms",
    "notification_type": "admin",
    "title": "SMS Notification",
    "message": "fsdfsdf",
    "status": "failed",
    "is_read": true,
    "response_message": "Recipient phone number must be in E.164 format, for example +639171234567.",
    "created_at": "2026-04-25T19:28:52.802Z"
  }
},
{
  "model": "billing.notification",
  "pk": 115,
  "fields": {
    "recipient": [
      "jingky"
    ],
    "consumer": 7,
    "billing": null,
    "payment": null,
    "meter_reading": null,
    "channel": "in_app",
    "notification_type": "admin",
    "title": "Message from the water billing office",
    "message": "fsdfsdf",
    "status": "sent",
    "is_read": true,
    "response_message": "",
    "created_at": "2026-04-25T19:28:52.812Z"
  }
},
{
  "model": "billing.notification",
  "pk": 116,
  "fields": {
    "recipient": null,
    "consumer": 8,
    "billing": null,
    "payment": null,
    "meter_reading": null,
    "channel": "sms",
    "notification_type": "admin",
    "title": "SMS Notification",
    "message": "fsdfsdf",
    "status": "failed",
    "is_read": true,
    "response_message": "Recipient phone number must be in E.164 format, for example +639171234567.",
    "created_at": "2026-04-25T19:28:52.820Z"
  }
},
{
  "model": "billing.notification",
  "pk": 117,
  "fields": {
    "recipient": [
      "nuique123"
    ],
    "consumer": 8,
    "billing": null,
    "payment": null,
    "meter_reading": null,
    "channel": "in_app",
    "notification_type": "admin",
    "title": "Message from the water billing office",
    "message": "fsdfsdf",
    "status": "sent",
    "is_read": true,
    "response_message": "",
    "created_at": "2026-04-25T19:28:52.829Z"
  }
},
{
  "model": "billing.notification",
  "pk": 118,
  "fields": {
    "recipient": null,
    "consumer": 1,
    "billing": null,
    "payment": null,
    "meter_reading": null,
    "channel": "sms",
    "notification_type": "admin",
    "title": "SMS Notification",
    "message": "vbvb",
    "status": "failed",
    "is_read": true,
    "response_message": "{\"success\":false,\"error\":\"Message must be at least 5 characters\"}",
    "created_at": "2026-04-25T19:30:13.225Z"
  }
},
{
  "model": "billing.notification",
  "pk": 119,
  "fields": {
    "recipient": [
      "waterbill"
    ],
    "consumer": 1,
    "billing": null,
    "payment": null,
    "meter_reading": null,
    "channel": "in_app",
    "notification_type": "admin",
    "title": "Message from the water billing office",
    "message": "vbvb",
    "status": "sent",
    "is_read": false,
    "response_message": "",
    "created_at": "2026-04-25T19:30:13.240Z"
  }
},
{
  "model": "billing.notification",
  "pk": 120,
  "fields": {
    "recipient": null,
    "consumer": 7,
    "billing": null,
    "payment": null,
    "meter_reading": null,
    "channel": "sms",
    "notification_type": "admin",
    "title": "SMS Notification",
    "message": "vbvb",
    "status": "failed",
    "is_read": true,
    "response_message": "{\"success\":false,\"error\":\"Invalid Philippine phone number format\"}",
    "created_at": "2026-04-25T19:30:15.007Z"
  }
},
{
  "model": "billing.notification",
  "pk": 121,
  "fields": {
    "recipient": [
      "jingky"
    ],
    "consumer": 7,
    "billing": null,
    "payment": null,
    "meter_reading": null,
    "channel": "in_app",
    "notification_type": "admin",
    "title": "Message from the water billing office",
    "message": "vbvb",
    "status": "sent",
    "is_read": true,
    "response_message": "",
    "created_at": "2026-04-25T19:30:15.025Z"
  }
},
{
  "model": "billing.notification",
  "pk": 122,
  "fields": {
    "recipient": null,
    "consumer": 8,
    "billing": null,
    "payment": null,
    "meter_reading": null,
    "channel": "sms",
    "notification_type": "admin",
    "title": "SMS Notification",
    "message": "vbvb",
    "status": "failed",
    "is_read": true,
    "response_message": "{\"success\":false,\"error\":\"Message must be at least 5 characters\"}",
    "created_at": "2026-04-25T19:30:16.782Z"
  }
},
{
  "model": "billing.notification",
  "pk": 123,
  "fields": {
    "recipient": [
      "nuique123"
    ],
    "consumer": 8,
    "billing": null,
    "payment": null,
    "meter_reading": null,
    "channel": "in_app",
    "notification_type": "admin",
    "title": "Message from the water billing office",
    "message": "vbvb",
    "status": "sent",
    "is_read": true,
    "response_message": "",
    "created_at": "2026-04-25T19:30:16.799Z"
  }
},
{
  "model": "billing.notification",
  "pk": 124,
  "fields": {
    "recipient": null,
    "consumer": 1,
    "billing": null,
    "payment": null,
    "meter_reading": null,
    "channel": "sms",
    "notification_type": "admin",
    "title": "SMS Notification",
    "message": "cvbcvbcvhcghdfghfgdhfghfghfg",
    "status": "sent",
    "is_read": true,
    "response_message": "{\"success\":true,\"message\":\"Message sent successfully\"}",
    "created_at": "2026-04-25T19:31:41.057Z"
  }
},
{
  "model": "billing.notification",
  "pk": 125,
  "fields": {
    "recipient": [
      "waterbill"
    ],
    "consumer": 1,
    "billing": null,
    "payment": null,
    "meter_reading": null,
    "channel": "in_app",
    "notification_type": "admin",
    "title": "Message from the water billing office",
    "message": "cvbcvbcvhcghdfghfgdhfghfghfg",
    "status": "sent",
    "is_read": false,
    "response_message": "",
    "created_at": "2026-04-25T19:31:41.076Z"
  }
},
{
  "model": "billing.notification",
  "pk": 126,
  "fields": {
    "recipient": null,
    "consumer": 7,
    "billing": null,
    "payment": null,
    "meter_reading": null,
    "channel": "sms",
    "notification_type": "admin",
    "title": "SMS Notification",
    "message": "cvbcvbcvhcghdfghfgdhfghfghfg",
    "status": "failed",
    "is_read": true,
    "response_message": "{\"success\":false,\"error\":\"Please wait 10 seconds before sending another message\",\"retryAfter\":10}",
    "created_at": "2026-04-25T19:31:42.953Z"
  }
},
{
  "model": "billing.notification",
  "pk": 127,
  "fields": {
    "recipient": [
      "jingky"
    ],
    "consumer": 7,
    "billing": null,
    "payment": null,
    "meter_reading": null,
    "channel": "in_app",
    "notification_type": "admin",
    "title": "Message from the water billing office",
    "message": "cvbcvbcvhcghdfghfgdhfghfghfg",
    "status": "sent",
    "is_read": true,
    "response_message": "",
    "created_at": "2026-04-25T19:31:42.968Z"
  }
},
{
  "model": "billing.notification",
  "pk": 128,
  "fields": {
    "recipient": null,
    "consumer": 8,
    "billing": null,
    "payment": null,
    "meter_reading": null,
    "channel": "sms",
    "notification_type": "admin",
    "title": "SMS Notification",
    "message": "cvbcvbcvhcghdfghfgdhfghfghfg",
    "status": "failed",
    "is_read": true,
    "response_message": "{\"success\":false,\"error\":\"Please wait 12 seconds before sending another message\",\"retryAfter\":12}",
    "created_at": "2026-04-25T19:31:44.545Z"
  }
},
{
  "model": "billing.notification",
  "pk": 129,
  "fields": {
    "recipient": [
      "nuique123"
    ],
    "consumer": 8,
    "billing": null,
    "payment": null,
    "meter_reading": null,
    "channel": "in_app",
    "notification_type": "admin",
    "title": "Message from the water billing office",
    "message": "cvbcvbcvhcghdfghfgdhfghfghfg",
    "status": "sent",
    "is_read": true,
    "response_message": "",
    "created_at": "2026-04-25T19:31:44.560Z"
  }
},
{
  "model": "billing.notification",
  "pk": 130,
  "fields": {
    "recipient": [
      "nuique123"
    ],
    "consumer": 8,
    "billing": null,
    "payment": 4,
    "meter_reading": null,
    "channel": "in_app",
    "notification_type": "payment",
    "title": "Payment status update",
    "message": "Your payment of PHP 10000.00 for john mark joseph was marked as completed on April 21, 2026.",
    "status": "sent",
    "is_read": true,
    "response_message": "",
    "created_at": "2026-04-25T19:42:18.994Z"
  }
},
{
  "model": "billing.notification",
  "pk": 131,
  "fields": {
    "recipient": null,
    "consumer": 8,
    "billing": null,
    "payment": 4,
    "meter_reading": null,
    "channel": "email",
    "notification_type": "payment",
    "title": "Payment status update",
    "message": "Your payment of PHP 10000.00 for john mark joseph was marked as completed on April 21, 2026.",
    "status": "sent",
    "is_read": true,
    "response_message": "SMTP email sent to johnmarkomale200@gmail.com.",
    "created_at": "2026-04-25T19:42:26.908Z"
  }
},
{
  "model": "billing.notification",
  "pk": 132,
  "fields": {
    "recipient": null,
    "consumer": 8,
    "billing": null,
    "payment": 4,
    "meter_reading": null,
    "channel": "sms",
    "notification_type": "payment",
    "title": "SMS Notification",
    "message": "Your payment of PHP 10000.00 for john mark joseph was marked as completed on April 21, 2026.",
    "status": "sent",
    "is_read": true,
    "response_message": "{\"success\":true,\"message\":\"Message sent successfully\"}",
    "created_at": "2026-04-25T19:42:34.278Z"
  }
},
{
  "model": "billing.notification",
  "pk": 133,
  "fields": {
    "recipient": [
      "nuique123"
    ],
    "consumer": 8,
    "billing": 9,
    "payment": 3,
    "meter_reading": null,
    "channel": "in_app",
    "notification_type": "payment",
    "title": "Payment status update",
    "message": "Your payment of PHP 10000.00 for john mark joseph was marked as completed on April 21, 2026.",
    "status": "sent",
    "is_read": true,
    "response_message": "",
    "created_at": "2026-04-25T19:42:34.295Z"
  }
},
{
  "model": "billing.notification",
  "pk": 134,
  "fields": {
    "recipient": null,
    "consumer": 8,
    "billing": 9,
    "payment": 3,
    "meter_reading": null,
    "channel": "email",
    "notification_type": "payment",
    "title": "Payment status update",
    "message": "Your payment of PHP 10000.00 for john mark joseph was marked as completed on April 21, 2026.",
    "status": "sent",
    "is_read": true,
    "response_message": "SMTP email sent to johnmarkomale200@gmail.com.",
    "created_at": "2026-04-25T19:42:41.045Z"
  }
},
{
  "model": "billing.notification",
  "pk": 135,
  "fields": {
    "recipient": null,
    "consumer": 8,
    "billing": 9,
    "payment": 3,
    "meter_reading": null,
    "channel": "sms",
    "notification_type": "payment",
    "title": "SMS Notification",
    "message": "Your payment of PHP 10000.00 for john mark joseph was marked as completed on April 21, 2026.",
    "status": "failed",
    "is_read": true,
    "response_message": "{\"success\":false,\"error\":\"Please wait 2 seconds before sending another message\",\"retryAfter\":2}",
    "created_at": "2026-04-25T19:42:42.878Z"
  }
},
{
  "model": "billing.notification",
  "pk": 136,
  "fields": {
    "recipient": [
      "nuique123"
    ],
    "consumer": 8,
    "billing": null,
    "payment": 4,
    "meter_reading": null,
    "channel": "in_app",
    "notification_type": "payment",
    "title": "Payment status update",
    "message": "Your payment of PHP 10000.00 for john mark joseph was marked as completed on April 21, 2026.",
    "status": "sent",
    "is_read": true,
    "response_message": "",
    "created_at": "2026-04-25T19:42:42.904Z"
  }
},
{
  "model": "billing.notification",
  "pk": 137,
  "fields": {
    "recipient": null,
    "consumer": 8,
    "billing": null,
    "payment": 4,
    "meter_reading": null,
    "channel": "email",
    "notification_type": "payment",
    "title": "Payment status update",
    "message": "Your payment of PHP 10000.00 for john mark joseph was marked as completed on April 21, 2026.",
    "status": "sent",
    "is_read": true,
    "response_message": "SMTP email sent to johnmarkomale200@gmail.com.",
    "created_at": "2026-04-25T19:42:48.413Z"
  }
},
{
  "model": "billing.notification",
  "pk": 138,
  "fields": {
    "recipient": null,
    "consumer": 8,
    "billing": null,
    "payment": 4,
    "meter_reading": null,
    "channel": "sms",
    "notification_type": "payment",
    "title": "SMS Notification",
    "message": "Your payment of PHP 10000.00 for john mark joseph was marked as completed on April 21, 2026.",
    "status": "failed",
    "is_read": true,
    "response_message": "{\"success\":false,\"error\":\"Please wait 1 seconds before sending another message\",\"retryAfter\":1}",
    "created_at": "2026-04-25T19:42:51.891Z"
  }
},
{
  "model": "billing.notification",
  "pk": 139,
  "fields": {
    "recipient": [
      "nuique123"
    ],
    "consumer": 8,
    "billing": 9,
    "payment": 3,
    "meter_reading": null,
    "channel": "in_app",
    "notification_type": "payment",
    "title": "Payment status update",
    "message": "Your payment of PHP 10000.00 for john mark joseph was marked as completed on April 21, 2026.",
    "status": "sent",
    "is_read": true,
    "response_message": "",
    "created_at": "2026-04-25T19:42:51.897Z"
  }
},
{
  "model": "billing.notification",
  "pk": 140,
  "fields": {
    "recipient": null,
    "consumer": 8,
    "billing": 9,
    "payment": 3,
    "meter_reading": null,
    "channel": "email",
    "notification_type": "payment",
    "title": "Payment status update",
    "message": "Your payment of PHP 10000.00 for john mark joseph was marked as completed on April 21, 2026.",
    "status": "sent",
    "is_read": true,
    "response_message": "SMTP email sent to johnmarkomale200@gmail.com.",
    "created_at": "2026-04-25T19:42:58.995Z"
  }
},
{
  "model": "billing.notification",
  "pk": 141,
  "fields": {
    "recipient": null,
    "consumer": 8,
    "billing": 9,
    "payment": 3,
    "meter_reading": null,
    "channel": "sms",
    "notification_type": "payment",
    "title": "SMS Notification",
    "message": "Your payment of PHP 10000.00 for john mark joseph was marked as completed on April 21, 2026.",
    "status": "sent",
    "is_read": true,
    "response_message": "{\"success\":true,\"message\":\"Message sent successfully\"}",
    "created_at": "2026-04-25T19:43:02.534Z"
  }
},
{
  "model": "billing.notification",
  "pk": 142,
  "fields": {
    "recipient": [
      "jingky"
    ],
    "consumer": 7,
    "billing": 8,
    "payment": 5,
    "meter_reading": null,
    "channel": "in_app",
    "notification_type": "payment",
    "title": "Payment status update",
    "message": "Your payment of PHP 0.02 for jingkysagang was marked as failed on April 26, 2026.",
    "status": "sent",
    "is_read": true,
    "response_message": "",
    "created_at": "2026-04-25T19:52:57.974Z"
  }
},
{
  "model": "billing.notification",
  "pk": 143,
  "fields": {
    "recipient": null,
    "consumer": 7,
    "billing": 8,
    "payment": 5,
    "meter_reading": null,
    "channel": "email",
    "notification_type": "payment",
    "title": "Payment status update",
    "message": "Your payment of PHP 0.02 for jingkysagang was marked as failed on April 26, 2026.",
    "status": "sent",
    "is_read": true,
    "response_message": "SMTP email sent to johnmarkomale200@gmail.com.",
    "created_at": "2026-04-25T19:53:04.970Z"
  }
},
{
  "model": "billing.notification",
  "pk": 144,
  "fields": {
    "recipient": null,
    "consumer": 7,
    "billing": 8,
    "payment": 5,
    "meter_reading": null,
    "channel": "sms",
    "notification_type": "payment",
    "title": "SMS Notification",
    "message": "Your payment of PHP 0.02 for jingkysagang was marked as failed on April 26, 2026.",
    "status": "sent",
    "is_read": true,
    "response_message": "{\"success\":true,\"message\":\"Message sent successfully\"}",
    "created_at": "2026-04-25T19:53:12.109Z"
  }
},
{
  "model": "billing.notification",
  "pk": 145,
  "fields": {
    "recipient": [
      "john"
    ],
    "consumer": 7,
    "billing": 8,
    "payment": 6,
    "meter_reading": null,
    "channel": "in_app",
    "notification_type": "payment",
    "title": "New online payment started by consumer",
    "message": "jingkysagang started an online PayMongo payment of PHP 2000.",
    "status": "sent",
    "is_read": false,
    "response_message": "",
    "created_at": "2026-04-25T20:04:14.690Z"
  }
},
{
  "model": "billing.notification",
  "pk": 146,
  "fields": {
    "recipient": [
      "waterbill"
    ],
    "consumer": 7,
    "billing": 8,
    "payment": 6,
    "meter_reading": null,
    "channel": "in_app",
    "notification_type": "payment",
    "title": "New online payment started by consumer",
    "message": "jingkysagang started an online PayMongo payment of PHP 2000.",
    "status": "sent",
    "is_read": false,
    "response_message": "",
    "created_at": "2026-04-25T20:04:14.698Z"
  }
},
{
  "model": "billing.notification",
  "pk": 147,
  "fields": {
    "recipient": [
      "treasurer"
    ],
    "consumer": 7,
    "billing": 8,
    "payment": 6,
    "meter_reading": null,
    "channel": "in_app",
    "notification_type": "payment",
    "title": "New online payment started by consumer",
    "message": "jingkysagang started an online PayMongo payment of PHP 2000.",
    "status": "sent",
    "is_read": false,
    "response_message": "",
    "created_at": "2026-04-25T20:04:14.707Z"
  }
},
{
  "model": "billing.notification",
  "pk": 148,
  "fields": {
    "recipient": [
      "waterbilling"
    ],
    "consumer": 7,
    "billing": 8,
    "payment": 6,
    "meter_reading": null,
    "channel": "in_app",
    "notification_type": "payment",
    "title": "New online payment started by consumer",
    "message": "jingkysagang started an online PayMongo payment of PHP 2000.",
    "status": "sent",
    "is_read": false,
    "response_message": "",
    "created_at": "2026-04-25T20:04:14.713Z"
  }
},
{
  "model": "billing.notification",
  "pk": 149,
  "fields": {
    "recipient": [
      "jingky"
    ],
    "consumer": 7,
    "billing": 8,
    "payment": 6,
    "meter_reading": null,
    "channel": "in_app",
    "notification_type": "payment",
    "title": "Payment status update",
    "message": "Your payment of PHP 2000.00 for jingkysagang was marked as completed on April 26, 2026.",
    "status": "sent",
    "is_read": true,
    "response_message": "",
    "created_at": "2026-04-25T20:04:21.888Z"
  }
},
{
  "model": "billing.notification",
  "pk": 150,
  "fields": {
    "recipient": null,
    "consumer": 7,
    "billing": 8,
    "payment": 6,
    "meter_reading": null,
    "channel": "email",
    "notification_type": "payment",
    "title": "Payment status update",
    "message": "Your payment of PHP 2000.00 for jingkysagang was marked as completed on April 26, 2026.",
    "status": "sent",
    "is_read": true,
    "response_message": "SMTP email sent to johnmarkomale200@gmail.com.",
    "created_at": "2026-04-25T20:04:27.767Z"
  }
},
{
  "model": "billing.notification",
  "pk": 151,
  "fields": {
    "recipient": null,
    "consumer": 7,
    "billing": 8,
    "payment": 6,
    "meter_reading": null,
    "channel": "sms",
    "notification_type": "payment",
    "title": "SMS Notification",
    "message": "Your payment of PHP 2000.00 for jingkysagang was marked as completed on April 26, 2026.",
    "status": "sent",
    "is_read": true,
    "response_message": "{\"success\":true,\"message\":\"Message sent successfully\"}",
    "created_at": "2026-04-25T20:04:34.964Z"
  }
},
{
  "model": "billing.notification",
  "pk": 152,
  "fields": {
    "recipient": [
      "john"
    ],
    "consumer": 7,
    "billing": 8,
    "payment": 7,
    "meter_reading": null,
    "channel": "in_app",
    "notification_type": "payment",
    "title": "New online payment started by consumer",
    "message": "jingkysagang started an online PayMongo payment of PHP 5000.",
    "status": "sent",
    "is_read": false,
    "response_message": "",
    "created_at": "2026-04-25T20:05:02.771Z"
  }
},
{
  "model": "billing.notification",
  "pk": 153,
  "fields": {
    "recipient": [
      "waterbill"
    ],
    "consumer": 7,
    "billing": 8,
    "payment": 7,
    "meter_reading": null,
    "channel": "in_app",
    "notification_type": "payment",
    "title": "New online payment started by consumer",
    "message": "jingkysagang started an online PayMongo payment of PHP 5000.",
    "status": "sent",
    "is_read": false,
    "response_message": "",
    "created_at": "2026-04-25T20:05:02.779Z"
  }
},
{
  "model": "billing.notification",
  "pk": 154,
  "fields": {
    "recipient": [
      "treasurer"
    ],
    "consumer": 7,
    "billing": 8,
    "payment": 7,
    "meter_reading": null,
    "channel": "in_app",
    "notification_type": "payment",
    "title": "New online payment started by consumer",
    "message": "jingkysagang started an online PayMongo payment of PHP 5000.",
    "status": "sent",
    "is_read": false,
    "response_message": "",
    "created_at": "2026-04-25T20:05:02.788Z"
  }
},
{
  "model": "billing.notification",
  "pk": 155,
  "fields": {
    "recipient": [
      "waterbilling"
    ],
    "consumer": 7,
    "billing": 8,
    "payment": 7,
    "meter_reading": null,
    "channel": "in_app",
    "notification_type": "payment",
    "title": "New online payment started by consumer",
    "message": "jingkysagang started an online PayMongo payment of PHP 5000.",
    "status": "sent",
    "is_read": false,
    "response_message": "",
    "created_at": "2026-04-25T20:05:02.796Z"
  }
},
{
  "model": "billing.notification",
  "pk": 156,
  "fields": {
    "recipient": [
      "jingky"
    ],
    "consumer": 7,
    "billing": 8,
    "payment": 7,
    "meter_reading": null,
    "channel": "in_app",
    "notification_type": "payment",
    "title": "Payment status update",
    "message": "Your payment of PHP 5000.00 for jingkysagang was marked as completed on April 26, 2026.",
    "status": "sent",
    "is_read": true,
    "response_message": "",
    "created_at": "2026-04-25T20:05:07.472Z"
  }
},
{
  "model": "billing.notification",
  "pk": 157,
  "fields": {
    "recipient": null,
    "consumer": 7,
    "billing": 8,
    "payment": 7,
    "meter_reading": null,
    "channel": "email",
    "notification_type": "payment",
    "title": "Payment status update",
    "message": "Your payment of PHP 5000.00 for jingkysagang was marked as completed on April 26, 2026.",
    "status": "sent",
    "is_read": true,
    "response_message": "SMTP email sent to johnmarkomale200@gmail.com.",
    "created_at": "2026-04-25T20:05:13.552Z"
  }
},
{
  "model": "billing.notification",
  "pk": 158,
  "fields": {
    "recipient": null,
    "consumer": 7,
    "billing": 8,
    "payment": 7,
    "meter_reading": null,
    "channel": "sms",
    "notification_type": "payment",
    "title": "SMS Notification",
    "message": "Your payment of PHP 5000.00 for jingkysagang was marked as completed on April 26, 2026.",
    "status": "sent",
    "is_read": true,
    "response_message": "{\"success\":true,\"message\":\"Message sent successfully\"}",
    "created_at": "2026-04-25T20:05:18.466Z"
  }
},
{
  "model": "billing.notification",
  "pk": 159,
  "fields": {
    "recipient": null,
    "consumer": 1,
    "billing": null,
    "payment": null,
    "meter_reading": null,
    "channel": "sms",
    "notification_type": "admin",
    "title": "SMS Notification",
    "message": "wqewrwerwerw",
    "status": "failed",
    "is_read": true,
    "response_message": "The read operation timed out",
    "created_at": "2026-04-25T21:10:03.634Z"
  }
},
{
  "model": "billing.notification",
  "pk": 160,
  "fields": {
    "recipient": [
      "waterbill"
    ],
    "consumer": 1,
    "billing": null,
    "payment": null,
    "meter_reading": null,
    "channel": "in_app",
    "notification_type": "admin",
    "title": "Message from the water billing office",
    "message": "wqewrwerwerw",
    "status": "sent",
    "is_read": false,
    "response_message": "",
    "created_at": "2026-04-25T21:10:03.650Z"
  }
},
{
  "model": "billing.notification",
  "pk": 161,
  "fields": {
    "recipient": null,
    "consumer": 7,
    "billing": null,
    "payment": null,
    "meter_reading": null,
    "channel": "sms",
    "notification_type": "admin",
    "title": "SMS Notification",
    "message": "wqewrwerwerw",
    "status": "failed",
    "is_read": true,
    "response_message": "The read operation timed out",
    "created_at": "2026-04-25T21:10:15.189Z"
  }
},
{
  "model": "billing.notification",
  "pk": 162,
  "fields": {
    "recipient": [
      "jingky"
    ],
    "consumer": 7,
    "billing": null,
    "payment": null,
    "meter_reading": null,
    "channel": "in_app",
    "notification_type": "admin",
    "title": "Message from the water billing office",
    "message": "wqewrwerwerw",
    "status": "sent",
    "is_read": true,
    "response_message": "",
    "created_at": "2026-04-25T21:10:15.207Z"
  }
},
{
  "model": "billing.notification",
  "pk": 163,
  "fields": {
    "recipient": null,
    "consumer": 8,
    "billing": null,
    "payment": null,
    "meter_reading": null,
    "channel": "sms",
    "notification_type": "admin",
    "title": "SMS Notification",
    "message": "wqewrwerwerw",
    "status": "sent",
    "is_read": true,
    "response_message": "SMS API PH accepted the SMS for +639552479764",
    "created_at": "2026-04-25T21:10:25.929Z"
  }
},
{
  "model": "billing.notification",
  "pk": 164,
  "fields": {
    "recipient": [
      "nuique123"
    ],
    "consumer": 8,
    "billing": null,
    "payment": null,
    "meter_reading": null,
    "channel": "in_app",
    "notification_type": "admin",
    "title": "Message from the water billing office",
    "message": "wqewrwerwerw",
    "status": "sent",
    "is_read": true,
    "response_message": "",
    "created_at": "2026-04-25T21:10:25.944Z"
  }
},
{
  "model": "billing.notification",
  "pk": 165,
  "fields": {
    "recipient": null,
    "consumer": 1,
    "billing": null,
    "payment": null,
    "meter_reading": null,
    "channel": "sms",
    "notification_type": "admin",
    "title": "SMS Notification",
    "message": "sadasdfasdfsdfsdf",
    "status": "sent",
    "is_read": true,
    "response_message": "SMS API PH accepted the SMS for +639683167617",
    "created_at": "2026-04-25T21:23:42.494Z"
  }
},
{
  "model": "billing.notification",
  "pk": 166,
  "fields": {
    "recipient": [
      "waterbill"
    ],
    "consumer": 1,
    "billing": null,
    "payment": null,
    "meter_reading": null,
    "channel": "in_app",
    "notification_type": "admin",
    "title": "Message from the water billing office",
    "message": "sadasdfasdfsdfsdf",
    "status": "sent",
    "is_read": false,
    "response_message": "",
    "created_at": "2026-04-25T21:23:42.506Z"
  }
},
{
  "model": "billing.notification",
  "pk": 167,
  "fields": {
    "recipient": null,
    "consumer": 7,
    "billing": null,
    "payment": null,
    "meter_reading": null,
    "channel": "sms",
    "notification_type": "admin",
    "title": "SMS Notification",
    "message": "sadasdfasdfsdfsdf",
    "status": "failed",
    "is_read": true,
    "response_message": "{\"success\":false,\"error\":\"Please wait 17 seconds before sending another message\",\"retryAfter\":17}",
    "created_at": "2026-04-25T21:23:43.970Z"
  }
},
{
  "model": "billing.notification",
  "pk": 168,
  "fields": {
    "recipient": [
      "jingky"
    ],
    "consumer": 7,
    "billing": null,
    "payment": null,
    "meter_reading": null,
    "channel": "in_app",
    "notification_type": "admin",
    "title": "Message from the water billing office",
    "message": "sadasdfasdfsdfsdf",
    "status": "sent",
    "is_read": true,
    "response_message": "",
    "created_at": "2026-04-25T21:23:43.979Z"
  }
},
{
  "model": "billing.notification",
  "pk": 169,
  "fields": {
    "recipient": null,
    "consumer": 8,
    "billing": null,
    "payment": null,
    "meter_reading": null,
    "channel": "sms",
    "notification_type": "admin",
    "title": "SMS Notification",
    "message": "sadasdfasdfsdfsdf",
    "status": "failed",
    "is_read": true,
    "response_message": "{\"success\":false,\"error\":\"Please wait 16 seconds before sending another message\",\"retryAfter\":16}",
    "created_at": "2026-04-25T21:23:45.421Z"
  }
},
{
  "model": "billing.notification",
  "pk": 170,
  "fields": {
    "recipient": [
      "nuique123"
    ],
    "consumer": 8,
    "billing": null,
    "payment": null,
    "meter_reading": null,
    "channel": "in_app",
    "notification_type": "admin",
    "title": "Message from the water billing office",
    "message": "sadasdfasdfsdfsdf",
    "status": "sent",
    "is_read": true,
    "response_message": "",
    "created_at": "2026-04-25T21:23:45.428Z"
  }
},
{
  "model": "billing.notification",
  "pk": 171,
  "fields": {
    "recipient": null,
    "consumer": 1,
    "billing": null,
    "payment": null,
    "meter_reading": null,
    "channel": "sms",
    "notification_type": "admin",
    "title": "SMS Notification",
    "message": "asfsdfsdfgsdgfdsfgfdg",
    "status": "sent",
    "is_read": true,
    "response_message": "SMS API PH accepted the SMS for +639525270172",
    "created_at": "2026-04-25T21:28:28.011Z"
  }
},
{
  "model": "billing.notification",
  "pk": 172,
  "fields": {
    "recipient": [
      "waterbill"
    ],
    "consumer": 1,
    "billing": null,
    "payment": null,
    "meter_reading": null,
    "channel": "in_app",
    "notification_type": "admin",
    "title": "Message from the water billing office",
    "message": "asfsdfsdfgsdgfdsfgfdg",
    "status": "sent",
    "is_read": false,
    "response_message": "",
    "created_at": "2026-04-25T21:28:28.017Z"
  }
},
{
  "model": "billing.notification",
  "pk": 173,
  "fields": {
    "recipient": null,
    "consumer": 7,
    "billing": null,
    "payment": null,
    "meter_reading": null,
    "channel": "sms",
    "notification_type": "admin",
    "title": "SMS Notification",
    "message": "asfsdfsdfgsdgfdsfgfdg",
    "status": "failed",
    "is_read": true,
    "response_message": "{\"success\":false,\"error\":\"Please wait 13 seconds before sending another message\",\"retryAfter\":13}",
    "created_at": "2026-04-25T21:28:29.437Z"
  }
},
{
  "model": "billing.notification",
  "pk": 174,
  "fields": {
    "recipient": [
      "jingky"
    ],
    "consumer": 7,
    "billing": null,
    "payment": null,
    "meter_reading": null,
    "channel": "in_app",
    "notification_type": "admin",
    "title": "Message from the water billing office",
    "message": "asfsdfsdfgsdgfdsfgfdg",
    "status": "sent",
    "is_read": true,
    "response_message": "",
    "created_at": "2026-04-25T21:28:29.455Z"
  }
},
{
  "model": "billing.notification",
  "pk": 175,
  "fields": {
    "recipient": null,
    "consumer": 8,
    "billing": null,
    "payment": null,
    "meter_reading": null,
    "channel": "sms",
    "notification_type": "admin",
    "title": "SMS Notification",
    "message": "asfsdfsdfgsdgfdsfgfdg",
    "status": "failed",
    "is_read": true,
    "response_message": "{\"success\":false,\"error\":\"Please wait 8 seconds before sending another message\",\"retryAfter\":8}",
    "created_at": "2026-04-25T21:28:30.880Z"
  }
},
{
  "model": "billing.notification",
  "pk": 176,
  "fields": {
    "recipient": [
      "nuique123"
    ],
    "consumer": 8,
    "billing": null,
    "payment": null,
    "meter_reading": null,
    "channel": "in_app",
    "notification_type": "admin",
    "title": "Message from the water billing office",
    "message": "asfsdfsdfgsdgfdsfgfdg",
    "status": "sent",
    "is_read": true,
    "response_message": "",
    "created_at": "2026-04-25T21:28:30.895Z"
  }
},
{
  "model": "billing.notification",
  "pk": 177,
  "fields": {
    "recipient": null,
    "consumer": 1,
    "billing": null,
    "payment": null,
    "meter_reading": null,
    "channel": "sms",
    "notification_type": "admin",
    "title": "SMS Notification",
    "message": "dfgdfgdfgdfgdfgdf",
    "status": "sent",
    "is_read": true,
    "response_message": "SMS API PH accepted the SMS for +639525270172",
    "created_at": "2026-04-25T21:30:56.957Z"
  }
},
{
  "model": "billing.notification",
  "pk": 178,
  "fields": {
    "recipient": [
      "waterbill"
    ],
    "consumer": 1,
    "billing": null,
    "payment": null,
    "meter_reading": null,
    "channel": "in_app",
    "notification_type": "admin",
    "title": "Message from the water billing office",
    "message": "dfgdfgdfgdfgdfgdf",
    "status": "sent",
    "is_read": false,
    "response_message": "",
    "created_at": "2026-04-25T21:30:56.966Z"
  }
},
{
  "model": "billing.notification",
  "pk": 179,
  "fields": {
    "recipient": null,
    "consumer": 7,
    "billing": null,
    "payment": null,
    "meter_reading": null,
    "channel": "sms",
    "notification_type": "admin",
    "title": "SMS Notification",
    "message": "dfgdfgdfgdfgdfgdf",
    "status": "failed",
    "is_read": true,
    "response_message": "{\"success\":false,\"error\":\"Please wait 10 seconds before sending another message\",\"retryAfter\":10}",
    "created_at": "2026-04-25T21:30:58.739Z"
  }
},
{
  "model": "billing.notification",
  "pk": 180,
  "fields": {
    "recipient": [
      "jingky"
    ],
    "consumer": 7,
    "billing": null,
    "payment": null,
    "meter_reading": null,
    "channel": "in_app",
    "notification_type": "admin",
    "title": "Message from the water billing office",
    "message": "dfgdfgdfgdfgdfgdf",
    "status": "sent",
    "is_read": true,
    "response_message": "",
    "created_at": "2026-04-25T21:30:58.757Z"
  }
},
{
  "model": "billing.notification",
  "pk": 181,
  "fields": {
    "recipient": null,
    "consumer": 8,
    "billing": null,
    "payment": null,
    "meter_reading": null,
    "channel": "sms",
    "notification_type": "admin",
    "title": "SMS Notification",
    "message": "dfgdfgdfgdfgdfgdf",
    "status": "failed",
    "is_read": true,
    "response_message": "{\"success\":false,\"error\":\"Please wait 14 seconds before sending another message\",\"retryAfter\":14}",
    "created_at": "2026-04-25T21:31:00.177Z"
  }
},
{
  "model": "billing.notification",
  "pk": 182,
  "fields": {
    "recipient": [
      "nuique123"
    ],
    "consumer": 8,
    "billing": null,
    "payment": null,
    "meter_reading": null,
    "channel": "in_app",
    "notification_type": "admin",
    "title": "Message from the water billing office",
    "message": "dfgdfgdfgdfgdfgdf",
    "status": "sent",
    "is_read": true,
    "response_message": "",
    "created_at": "2026-04-25T21:31:00.186Z"
  }
},
{
  "model": "billing.notification",
  "pk": 183,
  "fields": {
    "recipient": null,
    "consumer": 1,
    "billing": null,
    "payment": null,
    "meter_reading": null,
    "channel": "sms",
    "notification_type": "admin",
    "title": "SMS Notification",
    "message": "ssdfgfdgdfg",
    "status": "sent",
    "is_read": true,
    "response_message": "SMS API PH accepted the SMS for +639525270172",
    "created_at": "2026-04-25T21:31:39.039Z"
  }
},
{
  "model": "billing.notification",
  "pk": 184,
  "fields": {
    "recipient": [
      "waterbill"
    ],
    "consumer": 1,
    "billing": null,
    "payment": null,
    "meter_reading": null,
    "channel": "in_app",
    "notification_type": "admin",
    "title": "Message from the water billing office",
    "message": "ssdfgfdgdfg",
    "status": "sent",
    "is_read": false,
    "response_message": "",
    "created_at": "2026-04-25T21:31:39.049Z"
  }
},
{
  "model": "billing.notification",
  "pk": 185,
  "fields": {
    "recipient": null,
    "consumer": 7,
    "billing": null,
    "payment": null,
    "meter_reading": null,
    "channel": "sms",
    "notification_type": "admin",
    "title": "SMS Notification",
    "message": "ssdfgfdgdfg",
    "status": "failed",
    "is_read": true,
    "response_message": "{\"success\":false,\"error\":\"Please wait 14 seconds before sending another message\",\"retryAfter\":14}",
    "created_at": "2026-04-25T21:31:40.442Z"
  }
},
{
  "model": "billing.notification",
  "pk": 186,
  "fields": {
    "recipient": [
      "jingky"
    ],
    "consumer": 7,
    "billing": null,
    "payment": null,
    "meter_reading": null,
    "channel": "in_app",
    "notification_type": "admin",
    "title": "Message from the water billing office",
    "message": "ssdfgfdgdfg",
    "status": "sent",
    "is_read": true,
    "response_message": "",
    "created_at": "2026-04-25T21:31:40.452Z"
  }
},
{
  "model": "billing.notification",
  "pk": 187,
  "fields": {
    "recipient": null,
    "consumer": 8,
    "billing": null,
    "payment": null,
    "meter_reading": null,
    "channel": "sms",
    "notification_type": "admin",
    "title": "SMS Notification",
    "message": "ssdfgfdgdfg",
    "status": "failed",
    "is_read": true,
    "response_message": "{\"success\":false,\"error\":\"Please wait 8 seconds before sending another message\",\"retryAfter\":8}",
    "created_at": "2026-04-25T21:31:41.926Z"
  }
},
{
  "model": "billing.notification",
  "pk": 188,
  "fields": {
    "recipient": [
      "nuique123"
    ],
    "consumer": 8,
    "billing": null,
    "payment": null,
    "meter_reading": null,
    "channel": "in_app",
    "notification_type": "admin",
    "title": "Message from the water billing office",
    "message": "ssdfgfdgdfg",
    "status": "sent",
    "is_read": true,
    "response_message": "",
    "created_at": "2026-04-25T21:31:41.939Z"
  }
},
{
  "model": "billing.notification",
  "pk": 189,
  "fields": {
    "recipient": null,
    "consumer": 1,
    "billing": null,
    "payment": null,
    "meter_reading": null,
    "channel": "sms",
    "notification_type": "admin",
    "title": "SMS Notification",
    "message": "asdfsdfsdfsdfsd",
    "status": "sent",
    "is_read": true,
    "response_message": "SMS API PH accepted the SMS for +639525270172",
    "created_at": "2026-04-25T21:32:21.442Z"
  }
},
{
  "model": "billing.notification",
  "pk": 190,
  "fields": {
    "recipient": [
      "waterbill"
    ],
    "consumer": 1,
    "billing": null,
    "payment": null,
    "meter_reading": null,
    "channel": "in_app",
    "notification_type": "admin",
    "title": "Message from the water billing office",
    "message": "asdfsdfsdfsdfsd",
    "status": "sent",
    "is_read": false,
    "response_message": "",
    "created_at": "2026-04-25T21:32:21.450Z"
  }
},
{
  "model": "billing.notification",
  "pk": 191,
  "fields": {
    "recipient": null,
    "consumer": 7,
    "billing": null,
    "payment": null,
    "meter_reading": null,
    "channel": "sms",
    "notification_type": "admin",
    "title": "SMS Notification",
    "message": "asdfsdfsdfsdfsd",
    "status": "failed",
    "is_read": true,
    "response_message": "{\"success\":false,\"error\":\"Please wait 8 seconds before sending another message\",\"retryAfter\":8}",
    "created_at": "2026-04-25T21:32:23.082Z"
  }
},
{
  "model": "billing.notification",
  "pk": 192,
  "fields": {
    "recipient": [
      "jingky"
    ],
    "consumer": 7,
    "billing": null,
    "payment": null,
    "meter_reading": null,
    "channel": "in_app",
    "notification_type": "admin",
    "title": "Message from the water billing office",
    "message": "asdfsdfsdfsdfsd",
    "status": "sent",
    "is_read": true,
    "response_message": "",
    "created_at": "2026-04-25T21:32:23.092Z"
  }
},
{
  "model": "billing.notification",
  "pk": 193,
  "fields": {
    "recipient": null,
    "consumer": 8,
    "billing": null,
    "payment": null,
    "meter_reading": null,
    "channel": "sms",
    "notification_type": "admin",
    "title": "SMS Notification",
    "message": "asdfsdfsdfsdfsd",
    "status": "failed",
    "is_read": true,
    "response_message": "{\"success\":false,\"error\":\"Please wait 16 seconds before sending another message\",\"retryAfter\":16}",
    "created_at": "2026-04-25T21:32:24.557Z"
  }
},
{
  "model": "billing.notification",
  "pk": 194,
  "fields": {
    "recipient": [
      "nuique123"
    ],
    "consumer": 8,
    "billing": null,
    "payment": null,
    "meter_reading": null,
    "channel": "in_app",
    "notification_type": "admin",
    "title": "Message from the water billing office",
    "message": "asdfsdfsdfsdfsd",
    "status": "sent",
    "is_read": true,
    "response_message": "",
    "created_at": "2026-04-25T21:32:24.567Z"
  }
},
{
  "model": "billing.notification",
  "pk": 195,
  "fields": {
    "recipient": [
      "jingky"
    ],
    "consumer": 7,
    "billing": 8,
    "payment": 7,
    "meter_reading": null,
    "channel": "in_app",
    "notification_type": "payment",
    "title": "Payment status update",
    "message": "Your payment for April 2026 was marked as pending on April 26, 2026. Amount paid: PHP 5000.00.",
    "status": "sent",
    "is_read": true,
    "response_message": "",
    "created_at": "2026-04-26T00:37:04.911Z"
  }
},
{
  "model": "billing.notification",
  "pk": 196,
  "fields": {
    "recipient": null,
    "consumer": 7,
    "billing": 8,
    "payment": 7,
    "meter_reading": null,
    "channel": "email",
    "notification_type": "payment",
    "title": "Payment status update",
    "message": "Your payment for April 2026 was marked as pending on April 26, 2026. Amount paid: PHP 5000.00.",
    "status": "sent",
    "is_read": true,
    "response_message": "SMTP email sent to johnmarkomale200@gmail.com.",
    "created_at": "2026-04-26T00:37:11.644Z"
  }
},
{
  "model": "billing.notification",
  "pk": 197,
  "fields": {
    "recipient": null,
    "consumer": 7,
    "billing": 8,
    "payment": 7,
    "meter_reading": null,
    "channel": "sms",
    "notification_type": "payment",
    "title": "SMS Notification",
    "message": "Your payment for April 2026 was marked as pending on April 26, 2026. Amount paid: PHP 5000.00.",
    "status": "failed",
    "is_read": true,
    "response_message": "The read operation timed out",
    "created_at": "2026-04-26T00:37:22.166Z"
  }
},
{
  "model": "billing.notification",
  "pk": 198,
  "fields": {
    "recipient": [
      "john"
    ],
    "consumer": 9,
    "billing": 10,
    "payment": null,
    "meter_reading": 4,
    "channel": "in_app",
    "notification_type": "reading",
    "title": "New meter reading submitted",
    "message": "New meter reading for angelito: current reading 15, usage 15 cubic meters.",
    "status": "sent",
    "is_read": false,
    "response_message": "",
    "created_at": "2026-04-28T00:02:26.076Z"
  }
},
{
  "model": "billing.notification",
  "pk": 199,
  "fields": {
    "recipient": [
      "waterbill"
    ],
    "consumer": 9,
    "billing": 10,
    "payment": null,
    "meter_reading": 4,
    "channel": "in_app",
    "notification_type": "reading",
    "title": "New meter reading submitted",
    "message": "New meter reading for angelito: current reading 15, usage 15 cubic meters.",
    "status": "sent",
    "is_read": false,
    "response_message": "",
    "created_at": "2026-04-28T00:02:26.083Z"
  }
},
{
  "model": "billing.notification",
  "pk": 200,
  "fields": {
    "recipient": [
      "secretary"
    ],
    "consumer": 9,
    "billing": 10,
    "payment": null,
    "meter_reading": 4,
    "channel": "in_app",
    "notification_type": "reading",
    "title": "New meter reading submitted",
    "message": "New meter reading for angelito: current reading 15, usage 15 cubic meters.",
    "status": "sent",
    "is_read": false,
    "response_message": "",
    "created_at": "2026-04-28T00:02:26.090Z"
  }
},
{
  "model": "billing.notification",
  "pk": 201,
  "fields": {
    "recipient": [
      "waterbilling"
    ],
    "consumer": 9,
    "billing": 10,
    "payment": null,
    "meter_reading": 4,
    "channel": "in_app",
    "notification_type": "reading",
    "title": "New meter reading submitted",
    "message": "New meter reading for angelito: current reading 15, usage 15 cubic meters.",
    "status": "sent",
    "is_read": false,
    "response_message": "",
    "created_at": "2026-04-28T00:02:26.096Z"
  }
},
{
  "model": "billing.notification",
  "pk": 202,
  "fields": {
    "recipient": [
      "ang"
    ],
    "consumer": 9,
    "billing": 10,
    "payment": null,
    "meter_reading": 4,
    "channel": "in_app",
    "notification_type": "reading",
    "title": "New meter reading recorded",
    "message": "Your meter reading for April 2026 has been posted. Usage: 15 cubic meters. Bill total: PHP 180.00. Due date: May 08, 2026.",
    "status": "sent",
    "is_read": true,
    "response_message": "",
    "created_at": "2026-04-28T00:02:26.104Z"
  }
},
{
  "model": "billing.notification",
  "pk": 203,
  "fields": {
    "recipient": null,
    "consumer": 9,
    "billing": 10,
    "payment": null,
    "meter_reading": 4,
    "channel": "email",
    "notification_type": "reading",
    "title": "New meter reading recorded",
    "message": "Your meter reading for April 2026 has been posted. Usage: 15 cubic meters. Bill total: PHP 180.00. Due date: May 08, 2026.",
    "status": "failed",
    "is_read": true,
    "response_message": "[WinError 10061] No connection could be made because the target machine actively refused it",
    "created_at": "2026-04-28T00:02:28.265Z"
  }
},
{
  "model": "billing.notification",
  "pk": 204,
  "fields": {
    "recipient": null,
    "consumer": 9,
    "billing": 10,
    "payment": null,
    "meter_reading": 4,
    "channel": "sms",
    "notification_type": "reading",
    "title": "SMS Notification",
    "message": "Your meter reading for April 2026 has been posted. Usage: 15 cubic meters. Bill total: PHP 180.00. Due date: May 08, 2026.",
    "status": "failed",
    "is_read": true,
    "response_message": "<urlopen error [SSL: UNEXPECTED_EOF_WHILE_READING] EOF occurred in violation of protocol (_ssl.c:1077)>",
    "created_at": "2026-04-28T00:02:28.705Z"
  }
},
{
  "model": "billing.notification",
  "pk": 205,
  "fields": {
    "recipient": [
      "john"
    ],
    "consumer": 9,
    "billing": 10,
    "payment": null,
    "meter_reading": 4,
    "channel": "in_app",
    "notification_type": "reading",
    "title": "New meter reading submitted",
    "message": "New meter reading for angelito: current reading 15, usage 15 cubic meters.",
    "status": "sent",
    "is_read": false,
    "response_message": "",
    "created_at": "2026-04-28T00:04:35.061Z"
  }
},
{
  "model": "billing.notification",
  "pk": 206,
  "fields": {
    "recipient": [
      "waterbill"
    ],
    "consumer": 9,
    "billing": 10,
    "payment": null,
    "meter_reading": 4,
    "channel": "in_app",
    "notification_type": "reading",
    "title": "New meter reading submitted",
    "message": "New meter reading for angelito: current reading 15, usage 15 cubic meters.",
    "status": "sent",
    "is_read": false,
    "response_message": "",
    "created_at": "2026-04-28T00:04:35.068Z"
  }
},
{
  "model": "billing.notification",
  "pk": 207,
  "fields": {
    "recipient": [
      "secretary"
    ],
    "consumer": 9,
    "billing": 10,
    "payment": null,
    "meter_reading": 4,
    "channel": "in_app",
    "notification_type": "reading",
    "title": "New meter reading submitted",
    "message": "New meter reading for angelito: current reading 15, usage 15 cubic meters.",
    "status": "sent",
    "is_read": false,
    "response_message": "",
    "created_at": "2026-04-28T00:04:35.074Z"
  }
},
{
  "model": "billing.notification",
  "pk": 208,
  "fields": {
    "recipient": [
      "waterbilling"
    ],
    "consumer": 9,
    "billing": 10,
    "payment": null,
    "meter_reading": 4,
    "channel": "in_app",
    "notification_type": "reading",
    "title": "New meter reading submitted",
    "message": "New meter reading for angelito: current reading 15, usage 15 cubic meters.",
    "status": "sent",
    "is_read": false,
    "response_message": "",
    "created_at": "2026-04-28T00:04:35.080Z"
  }
},
{
  "model": "billing.notification",
  "pk": 209,
  "fields": {
    "recipient": [
      "ang"
    ],
    "consumer": 9,
    "billing": 10,
    "payment": null,
    "meter_reading": 4,
    "channel": "in_app",
    "notification_type": "reading",
    "title": "New meter reading recorded",
    "message": "Your meter reading for April 2026 has been posted. Usage: 15 cubic meters. Bill total: PHP 180.00. Due date: May 08, 2026.",
    "status": "sent",
    "is_read": true,
    "response_message": "",
    "created_at": "2026-04-28T00:04:35.088Z"
  }
},
{
  "model": "billing.notification",
  "pk": 210,
  "fields": {
    "recipient": null,
    "consumer": 9,
    "billing": 10,
    "payment": null,
    "meter_reading": 4,
    "channel": "email",
    "notification_type": "reading",
    "title": "New meter reading recorded",
    "message": "Your meter reading for April 2026 has been posted. Usage: 15 cubic meters. Bill total: PHP 180.00. Due date: May 08, 2026.",
    "status": "failed",
    "is_read": true,
    "response_message": "timed out",
    "created_at": "2026-04-28T00:04:48.345Z"
  }
},
{
  "model": "billing.notification",
  "pk": 211,
  "fields": {
    "recipient": null,
    "consumer": 9,
    "billing": 10,
    "payment": null,
    "meter_reading": 4,
    "channel": "sms",
    "notification_type": "reading",
    "title": "SMS Notification",
    "message": "Your meter reading for April 2026 has been posted. Usage: 15 cubic meters. Bill total: PHP 180.00. Due date: May 08, 2026.",
    "status": "failed",
    "is_read": true,
    "response_message": "<urlopen error [SSL: UNEXPECTED_EOF_WHILE_READING] EOF occurred in violation of protocol (_ssl.c:1077)>",
    "created_at": "2026-04-28T00:04:48.413Z"
  }
},
{
  "model": "billing.notification",
  "pk": 212,
  "fields": {
    "recipient": [
      "ang"
    ],
    "consumer": 9,
    "billing": 10,
    "payment": 8,
    "meter_reading": null,
    "channel": "in_app",
    "notification_type": "payment",
    "title": "Payment status update",
    "message": "Your payment for April 2026 was marked as failed on April 28, 2026. Amount paid: PHP 180.",
    "status": "sent",
    "is_read": true,
    "response_message": "",
    "created_at": "2026-04-28T00:05:35.274Z"
  }
},
{
  "model": "billing.notification",
  "pk": 213,
  "fields": {
    "recipient": null,
    "consumer": 9,
    "billing": 10,
    "payment": 8,
    "meter_reading": null,
    "channel": "email",
    "notification_type": "payment",
    "title": "Payment status update",
    "message": "Your payment for April 2026 was marked as failed on April 28, 2026. Amount paid: PHP 180.",
    "status": "failed",
    "is_read": true,
    "response_message": "[WinError 10061] No connection could be made because the target machine actively refused it",
    "created_at": "2026-04-28T00:05:37.373Z"
  }
},
{
  "model": "billing.notification",
  "pk": 214,
  "fields": {
    "recipient": null,
    "consumer": 9,
    "billing": 10,
    "payment": 8,
    "meter_reading": null,
    "channel": "sms",
    "notification_type": "payment",
    "title": "SMS Notification",
    "message": "Your payment for April 2026 was marked as failed on April 28, 2026. Amount paid: PHP 180.",
    "status": "failed",
    "is_read": true,
    "response_message": "<urlopen error [SSL: UNEXPECTED_EOF_WHILE_READING] EOF occurred in violation of protocol (_ssl.c:1077)>",
    "created_at": "2026-04-28T00:05:37.395Z"
  }
},
{
  "model": "billing.notification",
  "pk": 215,
  "fields": {
    "recipient": [
      "john"
    ],
    "consumer": 9,
    "billing": 10,
    "payment": 9,
    "meter_reading": null,
    "channel": "in_app",
    "notification_type": "payment",
    "title": "New payment submitted by consumer",
    "message": "angelito submitted a Cash payment of PHP 800.",
    "status": "sent",
    "is_read": false,
    "response_message": "",
    "created_at": "2026-04-28T00:05:58.225Z"
  }
},
{
  "model": "billing.notification",
  "pk": 216,
  "fields": {
    "recipient": [
      "waterbill"
    ],
    "consumer": 9,
    "billing": 10,
    "payment": 9,
    "meter_reading": null,
    "channel": "in_app",
    "notification_type": "payment",
    "title": "New payment submitted by consumer",
    "message": "angelito submitted a Cash payment of PHP 800.",
    "status": "sent",
    "is_read": false,
    "response_message": "",
    "created_at": "2026-04-28T00:05:58.230Z"
  }
},
{
  "model": "billing.notification",
  "pk": 217,
  "fields": {
    "recipient": [
      "treasurer"
    ],
    "consumer": 9,
    "billing": 10,
    "payment": 9,
    "meter_reading": null,
    "channel": "in_app",
    "notification_type": "payment",
    "title": "New payment submitted by consumer",
    "message": "angelito submitted a Cash payment of PHP 800.",
    "status": "sent",
    "is_read": false,
    "response_message": "",
    "created_at": "2026-04-28T00:05:58.234Z"
  }
},
{
  "model": "billing.notification",
  "pk": 218,
  "fields": {
    "recipient": [
      "waterbilling"
    ],
    "consumer": 9,
    "billing": 10,
    "payment": 9,
    "meter_reading": null,
    "channel": "in_app",
    "notification_type": "payment",
    "title": "New payment submitted by consumer",
    "message": "angelito submitted a Cash payment of PHP 800.",
    "status": "sent",
    "is_read": false,
    "response_message": "",
    "created_at": "2026-04-28T00:05:58.241Z"
  }
},
{
  "model": "billing.notification",
  "pk": 219,
  "fields": {
    "recipient": [
      "ang"
    ],
    "consumer": 9,
    "billing": 10,
    "payment": 9,
    "meter_reading": null,
    "channel": "in_app",
    "notification_type": "payment",
    "title": "Payment status update",
    "message": "Your payment for April 2026 was marked as pending on April 28, 2026. Amount paid: PHP 800.",
    "status": "sent",
    "is_read": true,
    "response_message": "",
    "created_at": "2026-04-28T00:05:58.248Z"
  }
},
{
  "model": "billing.notification",
  "pk": 220,
  "fields": {
    "recipient": null,
    "consumer": 9,
    "billing": 10,
    "payment": 9,
    "meter_reading": null,
    "channel": "email",
    "notification_type": "payment",
    "title": "Payment status update",
    "message": "Your payment for April 2026 was marked as pending on April 28, 2026. Amount paid: PHP 800.",
    "status": "failed",
    "is_read": true,
    "response_message": "[WinError 10061] No connection could be made because the target machine actively refused it",
    "created_at": "2026-04-28T00:06:00.378Z"
  }
},
{
  "model": "billing.notification",
  "pk": 221,
  "fields": {
    "recipient": null,
    "consumer": 9,
    "billing": 10,
    "payment": 9,
    "meter_reading": null,
    "channel": "sms",
    "notification_type": "payment",
    "title": "SMS Notification",
    "message": "Your payment for April 2026 was marked as pending on April 28, 2026. Amount paid: PHP 800.",
    "status": "failed",
    "is_read": true,
    "response_message": "<urlopen error [SSL: UNEXPECTED_EOF_WHILE_READING] EOF occurred in violation of protocol (_ssl.c:1077)>",
    "created_at": "2026-04-28T00:06:00.406Z"
  }
},
{
  "model": "billing.notification",
  "pk": 222,
  "fields": {
    "recipient": null,
    "consumer": 1,
    "billing": null,
    "payment": null,
    "meter_reading": null,
    "channel": "email",
    "notification_type": "admin",
    "title": "rerew",
    "message": "l;jlkj3\r\n2\r\n5656+",
    "status": "failed",
    "is_read": true,
    "response_message": "[WinError 10061] No connection could be made because the target machine actively refused it",
    "created_at": "2026-04-28T00:06:51.148Z"
  }
},
{
  "model": "billing.notification",
  "pk": 223,
  "fields": {
    "recipient": [
      "waterbill"
    ],
    "consumer": 1,
    "billing": null,
    "payment": null,
    "meter_reading": null,
    "channel": "in_app",
    "notification_type": "admin",
    "title": "rerew",
    "message": "l;jlkj3\r\n2\r\n5656+",
    "status": "sent",
    "is_read": false,
    "response_message": "",
    "created_at": "2026-04-28T00:06:51.165Z"
  }
},
{
  "model": "billing.notification",
  "pk": 224,
  "fields": {
    "recipient": null,
    "consumer": 9,
    "billing": null,
    "payment": null,
    "meter_reading": null,
    "channel": "email",
    "notification_type": "admin",
    "title": "rerew",
    "message": "l;jlkj3\r\n2\r\n5656+",
    "status": "failed",
    "is_read": true,
    "response_message": "[WinError 10061] No connection could be made because the target machine actively refused it",
    "created_at": "2026-04-28T00:06:53.565Z"
  }
},
{
  "model": "billing.notification",
  "pk": 225,
  "fields": {
    "recipient": [
      "ang"
    ],
    "consumer": 9,
    "billing": null,
    "payment": null,
    "meter_reading": null,
    "channel": "in_app",
    "notification_type": "admin",
    "title": "rerew",
    "message": "l;jlkj3\r\n2\r\n5656+",
    "status": "sent",
    "is_read": true,
    "response_message": "",
    "created_at": "2026-04-28T00:06:53.578Z"
  }
},
{
  "model": "billing.notification",
  "pk": 226,
  "fields": {
    "recipient": null,
    "consumer": 7,
    "billing": null,
    "payment": null,
    "meter_reading": null,
    "channel": "email",
    "notification_type": "admin",
    "title": "rerew",
    "message": "l;jlkj3\r\n2\r\n5656+",
    "status": "failed",
    "is_read": true,
    "response_message": "[WinError 10061] No connection could be made because the target machine actively refused it",
    "created_at": "2026-04-28T00:06:55.942Z"
  }
},
{
  "model": "billing.notification",
  "pk": 227,
  "fields": {
    "recipient": [
      "jingky"
    ],
    "consumer": 7,
    "billing": null,
    "payment": null,
    "meter_reading": null,
    "channel": "in_app",
    "notification_type": "admin",
    "title": "rerew",
    "message": "l;jlkj3\r\n2\r\n5656+",
    "status": "sent",
    "is_read": false,
    "response_message": "",
    "created_at": "2026-04-28T00:06:55.956Z"
  }
},
{
  "model": "billing.notification",
  "pk": 228,
  "fields": {
    "recipient": null,
    "consumer": 8,
    "billing": null,
    "payment": null,
    "meter_reading": null,
    "channel": "email",
    "notification_type": "admin",
    "title": "rerew",
    "message": "l;jlkj3\r\n2\r\n5656+",
    "status": "failed",
    "is_read": true,
    "response_message": "[WinError 10061] No connection could be made because the target machine actively refused it",
    "created_at": "2026-04-28T00:06:59.122Z"
  }
},
{
  "model": "billing.notification",
  "pk": 229,
  "fields": {
    "recipient": [
      "nuique123"
    ],
    "consumer": 8,
    "billing": null,
    "payment": null,
    "meter_reading": null,
    "channel": "in_app",
    "notification_type": "admin",
    "title": "rerew",
    "message": "l;jlkj3\r\n2\r\n5656+",
    "status": "sent",
    "is_read": true,
    "response_message": "",
    "created_at": "2026-04-28T00:06:59.135Z"
  }
},
{
  "model": "billing.notification",
  "pk": 230,
  "fields": {
    "recipient": null,
    "consumer": 1,
    "billing": null,
    "payment": null,
    "meter_reading": null,
    "channel": "email",
    "notification_type": "admin",
    "title": "rerew",
    "message": "6+564",
    "status": "failed",
    "is_read": true,
    "response_message": "[WinError 10061] No connection could be made because the target machine actively refused it",
    "created_at": "2026-04-28T00:10:11.771Z"
  }
},
{
  "model": "billing.notification",
  "pk": 231,
  "fields": {
    "recipient": [
      "waterbill"
    ],
    "consumer": 1,
    "billing": null,
    "payment": null,
    "meter_reading": null,
    "channel": "in_app",
    "notification_type": "admin",
    "title": "rerew",
    "message": "6+564",
    "status": "sent",
    "is_read": false,
    "response_message": "",
    "created_at": "2026-04-28T00:10:11.789Z"
  }
},
{
  "model": "billing.notification",
  "pk": 232,
  "fields": {
    "recipient": null,
    "consumer": 9,
    "billing": null,
    "payment": null,
    "meter_reading": null,
    "channel": "email",
    "notification_type": "admin",
    "title": "rerew",
    "message": "6+564",
    "status": "failed",
    "is_read": true,
    "response_message": "[WinError 10061] No connection could be made because the target machine actively refused it",
    "created_at": "2026-04-28T00:10:13.851Z"
  }
},
{
  "model": "billing.notification",
  "pk": 233,
  "fields": {
    "recipient": [
      "ang"
    ],
    "consumer": 9,
    "billing": null,
    "payment": null,
    "meter_reading": null,
    "channel": "in_app",
    "notification_type": "admin",
    "title": "rerew",
    "message": "6+564",
    "status": "sent",
    "is_read": true,
    "response_message": "",
    "created_at": "2026-04-28T00:10:13.863Z"
  }
},
{
  "model": "billing.notification",
  "pk": 234,
  "fields": {
    "recipient": null,
    "consumer": 7,
    "billing": null,
    "payment": null,
    "meter_reading": null,
    "channel": "email",
    "notification_type": "admin",
    "title": "rerew",
    "message": "6+564",
    "status": "failed",
    "is_read": true,
    "response_message": "[WinError 10061] No connection could be made because the target machine actively refused it",
    "created_at": "2026-04-28T00:10:15.942Z"
  }
},
{
  "model": "billing.notification",
  "pk": 235,
  "fields": {
    "recipient": [
      "jingky"
    ],
    "consumer": 7,
    "billing": null,
    "payment": null,
    "meter_reading": null,
    "channel": "in_app",
    "notification_type": "admin",
    "title": "rerew",
    "message": "6+564",
    "status": "sent",
    "is_read": false,
    "response_message": "",
    "created_at": "2026-04-28T00:10:15.959Z"
  }
},
{
  "model": "billing.notification",
  "pk": 236,
  "fields": {
    "recipient": [
      "john"
    ],
    "consumer": 9,
    "billing": null,
    "payment": 10,
    "meter_reading": null,
    "channel": "in_app",
    "notification_type": "payment",
    "title": "New online payment started by consumer",
    "message": "angelito started an online PayMongo payment of PHP 5400.",
    "status": "sent",
    "is_read": false,
    "response_message": "",
    "created_at": "2026-04-28T12:16:25.504Z"
  }
},
{
  "model": "billing.notification",
  "pk": 237,
  "fields": {
    "recipient": [
      "waterbill"
    ],
    "consumer": 9,
    "billing": null,
    "payment": 10,
    "meter_reading": null,
    "channel": "in_app",
    "notification_type": "payment",
    "title": "New online payment started by consumer",
    "message": "angelito started an online PayMongo payment of PHP 5400.",
    "status": "sent",
    "is_read": false,
    "response_message": "",
    "created_at": "2026-04-28T12:16:25.518Z"
  }
},
{
  "model": "billing.notification",
  "pk": 238,
  "fields": {
    "recipient": [
      "treasurer"
    ],
    "consumer": 9,
    "billing": null,
    "payment": 10,
    "meter_reading": null,
    "channel": "in_app",
    "notification_type": "payment",
    "title": "New online payment started by consumer",
    "message": "angelito started an online PayMongo payment of PHP 5400.",
    "status": "sent",
    "is_read": false,
    "response_message": "",
    "created_at": "2026-04-28T12:16:25.525Z"
  }
},
{
  "model": "billing.notification",
  "pk": 239,
  "fields": {
    "recipient": [
      "waterbilling"
    ],
    "consumer": 9,
    "billing": null,
    "payment": 10,
    "meter_reading": null,
    "channel": "in_app",
    "notification_type": "payment",
    "title": "New online payment started by consumer",
    "message": "angelito started an online PayMongo payment of PHP 5400.",
    "status": "sent",
    "is_read": false,
    "response_message": "",
    "created_at": "2026-04-28T12:16:25.531Z"
  }
},
{
  "model": "billing.notification",
  "pk": 240,
  "fields": {
    "recipient": [
      "ang"
    ],
    "consumer": 9,
    "billing": null,
    "payment": 10,
    "meter_reading": null,
    "channel": "in_app",
    "notification_type": "payment",
    "title": "Payment status update",
    "message": "Your payment for May 2026 was marked as completed on April 28, 2026. Amount paid: PHP 5400.00.",
    "status": "sent",
    "is_read": true,
    "response_message": "",
    "created_at": "2026-04-28T12:16:36.387Z"
  }
},
{
  "model": "billing.notification",
  "pk": 241,
  "fields": {
    "recipient": null,
    "consumer": 9,
    "billing": null,
    "payment": 10,
    "meter_reading": null,
    "channel": "email",
    "notification_type": "payment",
    "title": "Payment status update",
    "message": "Your payment for May 2026 was marked as completed on April 28, 2026. Amount paid: PHP 5400.00.",
    "status": "sent",
    "is_read": true,
    "response_message": "SMTP email sent to angelitofeliciano143@gmail.com.",
    "created_at": "2026-04-28T12:16:42.798Z"
  }
},
{
  "model": "billing.notification",
  "pk": 242,
  "fields": {
    "recipient": null,
    "consumer": 9,
    "billing": null,
    "payment": 10,
    "meter_reading": null,
    "channel": "sms",
    "notification_type": "payment",
    "title": "SMS Notification",
    "message": "Your payment for May 2026 was marked as completed on April 28, 2026. Amount paid: PHP 5400.00.",
    "status": "failed",
    "is_read": true,
    "response_message": "SMS_API_PH_API_KEY should start with sk-.",
    "created_at": "2026-04-28T12:16:42.812Z"
  }
},
{
  "model": "billing.notification",
  "pk": 243,
  "fields": {
    "recipient": null,
    "consumer": 1,
    "billing": null,
    "payment": null,
    "meter_reading": null,
    "channel": "email",
    "notification_type": "admin",
    "title": "dear condumers",
    "message": "this is a test email from admin",
    "status": "sent",
    "is_read": true,
    "response_message": "SMTP email sent to johnmarkomale200@gmail.com.",
    "created_at": "2026-04-28T12:17:55.274Z"
  }
},
{
  "model": "billing.notification",
  "pk": 244,
  "fields": {
    "recipient": [
      "waterbill"
    ],
    "consumer": 1,
    "billing": null,
    "payment": null,
    "meter_reading": null,
    "channel": "in_app",
    "notification_type": "admin",
    "title": "dear condumers",
    "message": "this is a test email from admin",
    "status": "sent",
    "is_read": false,
    "response_message": "",
    "created_at": "2026-04-28T12:17:55.285Z"
  }
},
{
  "model": "billing.notification",
  "pk": 245,
  "fields": {
    "recipient": null,
    "consumer": 9,
    "billing": null,
    "payment": null,
    "meter_reading": null,
    "channel": "email",
    "notification_type": "admin",
    "title": "dear condumers",
    "message": "this is a test email from admin",
    "status": "sent",
    "is_read": true,
    "response_message": "SMTP email sent to angelitofeliciano143@gmail.com.",
    "created_at": "2026-04-28T12:18:00.882Z"
  }
},
{
  "model": "billing.notification",
  "pk": 246,
  "fields": {
    "recipient": [
      "ang"
    ],
    "consumer": 9,
    "billing": null,
    "payment": null,
    "meter_reading": null,
    "channel": "in_app",
    "notification_type": "admin",
    "title": "dear condumers",
    "message": "this is a test email from admin",
    "status": "sent",
    "is_read": false,
    "response_message": "",
    "created_at": "2026-04-28T12:18:00.891Z"
  }
},
{
  "model": "billing.notification",
  "pk": 247,
  "fields": {
    "recipient": null,
    "consumer": 7,
    "billing": null,
    "payment": null,
    "meter_reading": null,
    "channel": "email",
    "notification_type": "admin",
    "title": "dear condumers",
    "message": "this is a test email from admin",
    "status": "sent",
    "is_read": true,
    "response_message": "SMTP email sent to jingkysagang02@gmail.com.",
    "created_at": "2026-04-28T12:18:11.476Z"
  }
},
{
  "model": "billing.notification",
  "pk": 248,
  "fields": {
    "recipient": [
      "jingky"
    ],
    "consumer": 7,
    "billing": null,
    "payment": null,
    "meter_reading": null,
    "channel": "in_app",
    "notification_type": "admin",
    "title": "dear condumers",
    "message": "this is a test email from admin",
    "status": "sent",
    "is_read": false,
    "response_message": "",
    "created_at": "2026-04-28T12:18:11.484Z"
  }
},
{
  "model": "billing.notification",
  "pk": 249,
  "fields": {
    "recipient": null,
    "consumer": 8,
    "billing": null,
    "payment": null,
    "meter_reading": null,
    "channel": "email",
    "notification_type": "admin",
    "title": "dear condumers",
    "message": "this is a test email from admin",
    "status": "sent",
    "is_read": true,
    "response_message": "SMTP email sent to johnmarkomale200@gmail.com.",
    "created_at": "2026-04-28T12:18:19.522Z"
  }
},
{
  "model": "billing.notification",
  "pk": 250,
  "fields": {
    "recipient": [
      "nuique123"
    ],
    "consumer": 8,
    "billing": null,
    "payment": null,
    "meter_reading": null,
    "channel": "in_app",
    "notification_type": "admin",
    "title": "dear condumers",
    "message": "this is a test email from admin",
    "status": "sent",
    "is_read": true,
    "response_message": "",
    "created_at": "2026-04-28T12:18:19.529Z"
  }
},
{
  "model": "billing.notification",
  "pk": 251,
  "fields": {
    "recipient": [
      "john"
    ],
    "consumer": 9,
    "billing": 10,
    "payment": null,
    "meter_reading": 4,
    "channel": "in_app",
    "notification_type": "reading",
    "title": "New meter reading submitted",
    "message": "New meter reading for angelito: current reading 15, usage 15 cubic meters.",
    "status": "sent",
    "is_read": false,
    "response_message": "",
    "created_at": "2026-04-28T12:22:32.717Z"
  }
},
{
  "model": "billing.notification",
  "pk": 252,
  "fields": {
    "recipient": [
      "waterbill"
    ],
    "consumer": 9,
    "billing": 10,
    "payment": null,
    "meter_reading": 4,
    "channel": "in_app",
    "notification_type": "reading",
    "title": "New meter reading submitted",
    "message": "New meter reading for angelito: current reading 15, usage 15 cubic meters.",
    "status": "sent",
    "is_read": false,
    "response_message": "",
    "created_at": "2026-04-28T12:22:32.723Z"
  }
},
{
  "model": "billing.notification",
  "pk": 253,
  "fields": {
    "recipient": [
      "secretary"
    ],
    "consumer": 9,
    "billing": 10,
    "payment": null,
    "meter_reading": 4,
    "channel": "in_app",
    "notification_type": "reading",
    "title": "New meter reading submitted",
    "message": "New meter reading for angelito: current reading 15, usage 15 cubic meters.",
    "status": "sent",
    "is_read": false,
    "response_message": "",
    "created_at": "2026-04-28T12:22:32.728Z"
  }
},
{
  "model": "billing.notification",
  "pk": 254,
  "fields": {
    "recipient": [
      "waterbilling"
    ],
    "consumer": 9,
    "billing": 10,
    "payment": null,
    "meter_reading": 4,
    "channel": "in_app",
    "notification_type": "reading",
    "title": "New meter reading submitted",
    "message": "New meter reading for angelito: current reading 15, usage 15 cubic meters.",
    "status": "sent",
    "is_read": false,
    "response_message": "",
    "created_at": "2026-04-28T12:22:32.733Z"
  }
},
{
  "model": "billing.notification",
  "pk": 255,
  "fields": {
    "recipient": [
      "ang"
    ],
    "consumer": 9,
    "billing": 10,
    "payment": null,
    "meter_reading": 4,
    "channel": "in_app",
    "notification_type": "reading",
    "title": "New meter reading recorded",
    "message": "Your meter reading for April 2026 has been posted. Usage: 15 cubic meters. Bill total: PHP 180.00. Due date: May 13, 2026.",
    "status": "sent",
    "is_read": false,
    "response_message": "",
    "created_at": "2026-04-28T12:22:32.738Z"
  }
},
{
  "model": "billing.notification",
  "pk": 256,
  "fields": {
    "recipient": [
      "john"
    ],
    "consumer": 9,
    "billing": 10,
    "payment": null,
    "meter_reading": 4,
    "channel": "in_app",
    "notification_type": "reading",
    "title": "New meter reading submitted",
    "message": "New meter reading for angelito: current reading 15, usage 15 cubic meters.",
    "status": "sent",
    "is_read": false,
    "response_message": "",
    "created_at": "2026-04-28T12:22:35.408Z"
  }
},
{
  "model": "billing.notification",
  "pk": 257,
  "fields": {
    "recipient": [
      "waterbill"
    ],
    "consumer": 9,
    "billing": 10,
    "payment": null,
    "meter_reading": 4,
    "channel": "in_app",
    "notification_type": "reading",
    "title": "New meter reading submitted",
    "message": "New meter reading for angelito: current reading 15, usage 15 cubic meters.",
    "status": "sent",
    "is_read": false,
    "response_message": "",
    "created_at": "2026-04-28T12:22:35.413Z"
  }
},
{
  "model": "billing.notification",
  "pk": 258,
  "fields": {
    "recipient": [
      "secretary"
    ],
    "consumer": 9,
    "billing": 10,
    "payment": null,
    "meter_reading": 4,
    "channel": "in_app",
    "notification_type": "reading",
    "title": "New meter reading submitted",
    "message": "New meter reading for angelito: current reading 15, usage 15 cubic meters.",
    "status": "sent",
    "is_read": false,
    "response_message": "",
    "created_at": "2026-04-28T12:22:35.418Z"
  }
},
{
  "model": "billing.notification",
  "pk": 259,
  "fields": {
    "recipient": [
      "waterbilling"
    ],
    "consumer": 9,
    "billing": 10,
    "payment": null,
    "meter_reading": 4,
    "channel": "in_app",
    "notification_type": "reading",
    "title": "New meter reading submitted",
    "message": "New meter reading for angelito: current reading 15, usage 15 cubic meters.",
    "status": "sent",
    "is_read": false,
    "response_message": "",
    "created_at": "2026-04-28T12:22:35.423Z"
  }
},
{
  "model": "billing.notification",
  "pk": 260,
  "fields": {
    "recipient": [
      "ang"
    ],
    "consumer": 9,
    "billing": 10,
    "payment": null,
    "meter_reading": 4,
    "channel": "in_app",
    "notification_type": "reading",
    "title": "New meter reading recorded",
    "message": "Your meter reading for April 2026 has been posted. Usage: 15 cubic meters. Bill total: PHP 180.00. Due date: May 13, 2026.",
    "status": "sent",
    "is_read": false,
    "response_message": "",
    "created_at": "2026-04-28T12:22:35.429Z"
  }
},
{
  "model": "billing.notification",
  "pk": 261,
  "fields": {
    "recipient": [
      "john"
    ],
    "consumer": 9,
    "billing": 10,
    "payment": null,
    "meter_reading": 4,
    "channel": "in_app",
    "notification_type": "reading",
    "title": "New meter reading submitted",
    "message": "New meter reading for angelito: current reading 15, usage 15 cubic meters.",
    "status": "sent",
    "is_read": false,
    "response_message": "",
    "created_at": "2026-04-28T12:22:36.234Z"
  }
},
{
  "model": "billing.notification",
  "pk": 262,
  "fields": {
    "recipient": [
      "waterbill"
    ],
    "consumer": 9,
    "billing": 10,
    "payment": null,
    "meter_reading": 4,
    "channel": "in_app",
    "notification_type": "reading",
    "title": "New meter reading submitted",
    "message": "New meter reading for angelito: current reading 15, usage 15 cubic meters.",
    "status": "sent",
    "is_read": false,
    "response_message": "",
    "created_at": "2026-04-28T12:22:36.242Z"
  }
},
{
  "model": "billing.notification",
  "pk": 263,
  "fields": {
    "recipient": [
      "secretary"
    ],
    "consumer": 9,
    "billing": 10,
    "payment": null,
    "meter_reading": 4,
    "channel": "in_app",
    "notification_type": "reading",
    "title": "New meter reading submitted",
    "message": "New meter reading for angelito: current reading 15, usage 15 cubic meters.",
    "status": "sent",
    "is_read": false,
    "response_message": "",
    "created_at": "2026-04-28T12:22:36.247Z"
  }
},
{
  "model": "billing.notification",
  "pk": 264,
  "fields": {
    "recipient": [
      "waterbilling"
    ],
    "consumer": 9,
    "billing": 10,
    "payment": null,
    "meter_reading": 4,
    "channel": "in_app",
    "notification_type": "reading",
    "title": "New meter reading submitted",
    "message": "New meter reading for angelito: current reading 15, usage 15 cubic meters.",
    "status": "sent",
    "is_read": false,
    "response_message": "",
    "created_at": "2026-04-28T12:22:36.251Z"
  }
},
{
  "model": "billing.notification",
  "pk": 265,
  "fields": {
    "recipient": [
      "ang"
    ],
    "consumer": 9,
    "billing": 10,
    "payment": null,
    "meter_reading": 4,
    "channel": "in_app",
    "notification_type": "reading",
    "title": "New meter reading recorded",
    "message": "Your meter reading for April 2026 has been posted. Usage: 15 cubic meters. Bill total: PHP 180.00. Due date: May 13, 2026.",
    "status": "sent",
    "is_read": false,
    "response_message": "",
    "created_at": "2026-04-28T12:22:36.256Z"
  }
},
{
  "model": "billing.notification",
  "pk": 266,
  "fields": {
    "recipient": null,
    "consumer": 9,
    "billing": 10,
    "payment": null,
    "meter_reading": 4,
    "channel": "email",
    "notification_type": "reading",
    "title": "New meter reading recorded",
    "message": "Your meter reading for April 2026 has been posted. Usage: 15 cubic meters. Bill total: PHP 180.00. Due date: May 13, 2026.",
    "status": "sent",
    "is_read": true,
    "response_message": "SMTP email sent to angelitofeliciano143@gmail.com.",
    "created_at": "2026-04-28T12:22:40.396Z"
  }
},
{
  "model": "billing.notification",
  "pk": 267,
  "fields": {
    "recipient": null,
    "consumer": 9,
    "billing": 10,
    "payment": null,
    "meter_reading": 4,
    "channel": "sms",
    "notification_type": "reading",
    "title": "SMS Notification",
    "message": "Your meter reading for April 2026 has been posted. Usage: 15 cubic meters. Bill total: PHP 180.00. Due date: May 13, 2026.",
    "status": "failed",
    "is_read": true,
    "response_message": "SMS_API_PH_API_KEY should start with sk-.",
    "created_at": "2026-04-28T12:22:40.408Z"
  }
},
{
  "model": "billing.notification",
  "pk": 268,
  "fields": {
    "recipient": null,
    "consumer": 9,
    "billing": 10,
    "payment": null,
    "meter_reading": 4,
    "channel": "email",
    "notification_type": "reading",
    "title": "New meter reading recorded",
    "message": "Your meter reading for April 2026 has been posted. Usage: 15 cubic meters. Bill total: PHP 180.00. Due date: May 13, 2026.",
    "status": "sent",
    "is_read": true,
    "response_message": "SMTP email sent to angelitofeliciano143@gmail.com.",
    "created_at": "2026-04-28T12:22:42.355Z"
  }
},
{
  "model": "billing.notification",
  "pk": 269,
  "fields": {
    "recipient": null,
    "consumer": 9,
    "billing": 10,
    "payment": null,
    "meter_reading": 4,
    "channel": "sms",
    "notification_type": "reading",
    "title": "SMS Notification",
    "message": "Your meter reading for April 2026 has been posted. Usage: 15 cubic meters. Bill total: PHP 180.00. Due date: May 13, 2026.",
    "status": "failed",
    "is_read": true,
    "response_message": "SMS_API_PH_API_KEY should start with sk-.",
    "created_at": "2026-04-28T12:22:42.365Z"
  }
},
{
  "model": "billing.notification",
  "pk": 270,
  "fields": {
    "recipient": null,
    "consumer": 9,
    "billing": 10,
    "payment": null,
    "meter_reading": 4,
    "channel": "email",
    "notification_type": "reading",
    "title": "New meter reading recorded",
    "message": "Your meter reading for April 2026 has been posted. Usage: 15 cubic meters. Bill total: PHP 180.00. Due date: May 13, 2026.",
    "status": "sent",
    "is_read": true,
    "response_message": "SMTP email sent to angelitofeliciano143@gmail.com.",
    "created_at": "2026-04-28T12:22:44.155Z"
  }
},
{
  "model": "billing.notification",
  "pk": 271,
  "fields": {
    "recipient": null,
    "consumer": 9,
    "billing": 10,
    "payment": null,
    "meter_reading": 4,
    "channel": "sms",
    "notification_type": "reading",
    "title": "SMS Notification",
    "message": "Your meter reading for April 2026 has been posted. Usage: 15 cubic meters. Bill total: PHP 180.00. Due date: May 13, 2026.",
    "status": "failed",
    "is_read": true,
    "response_message": "SMS_API_PH_API_KEY should start with sk-.",
    "created_at": "2026-04-28T12:22:44.164Z"
  }
},
{
  "model": "billing.notification",
  "pk": 272,
  "fields": {
    "recipient": [
      "john"
    ],
    "consumer": 1,
    "billing": 11,
    "payment": null,
    "meter_reading": 5,
    "channel": "in_app",
    "notification_type": "reading",
    "title": "New meter reading submitted",
    "message": "New meter reading for John Mark Omale: current reading 60, usage 4.00 cubic meters.",
    "status": "sent",
    "is_read": false,
    "response_message": "",
    "created_at": "2026-04-28T12:31:28.195Z"
  }
},
{
  "model": "billing.notification",
  "pk": 273,
  "fields": {
    "recipient": [
      "waterbill"
    ],
    "consumer": 1,
    "billing": 11,
    "payment": null,
    "meter_reading": 5,
    "channel": "in_app",
    "notification_type": "reading",
    "title": "New meter reading submitted",
    "message": "New meter reading for John Mark Omale: current reading 60, usage 4.00 cubic meters.",
    "status": "sent",
    "is_read": false,
    "response_message": "",
    "created_at": "2026-04-28T12:31:28.201Z"
  }
},
{
  "model": "billing.notification",
  "pk": 274,
  "fields": {
    "recipient": [
      "secretary"
    ],
    "consumer": 1,
    "billing": 11,
    "payment": null,
    "meter_reading": 5,
    "channel": "in_app",
    "notification_type": "reading",
    "title": "New meter reading submitted",
    "message": "New meter reading for John Mark Omale: current reading 60, usage 4.00 cubic meters.",
    "status": "sent",
    "is_read": false,
    "response_message": "",
    "created_at": "2026-04-28T12:31:28.207Z"
  }
},
{
  "model": "billing.notification",
  "pk": 275,
  "fields": {
    "recipient": [
      "waterbilling"
    ],
    "consumer": 1,
    "billing": 11,
    "payment": null,
    "meter_reading": 5,
    "channel": "in_app",
    "notification_type": "reading",
    "title": "New meter reading submitted",
    "message": "New meter reading for John Mark Omale: current reading 60, usage 4.00 cubic meters.",
    "status": "sent",
    "is_read": false,
    "response_message": "",
    "created_at": "2026-04-28T12:31:28.212Z"
  }
},
{
  "model": "billing.notification",
  "pk": 276,
  "fields": {
    "recipient": [
      "waterbill"
    ],
    "consumer": 1,
    "billing": 11,
    "payment": null,
    "meter_reading": 5,
    "channel": "in_app",
    "notification_type": "reading",
    "title": "New meter reading recorded",
    "message": "Your meter reading for May 2026 has been posted. Usage: 4.00 cubic meters. Bill total: PHP 48.0000. Due date: May 21, 2026.",
    "status": "sent",
    "is_read": false,
    "response_message": "",
    "created_at": "2026-04-28T12:31:28.218Z"
  }
},
{
  "model": "billing.notification",
  "pk": 277,
  "fields": {
    "recipient": [
      "john"
    ],
    "consumer": 1,
    "billing": 11,
    "payment": null,
    "meter_reading": 5,
    "channel": "in_app",
    "notification_type": "reading",
    "title": "New meter reading submitted",
    "message": "New meter reading for John Mark Omale: current reading 60, usage 4.00 cubic meters.",
    "status": "sent",
    "is_read": false,
    "response_message": "",
    "created_at": "2026-04-28T12:31:30.930Z"
  }
},
{
  "model": "billing.notification",
  "pk": 278,
  "fields": {
    "recipient": [
      "waterbill"
    ],
    "consumer": 1,
    "billing": 11,
    "payment": null,
    "meter_reading": 5,
    "channel": "in_app",
    "notification_type": "reading",
    "title": "New meter reading submitted",
    "message": "New meter reading for John Mark Omale: current reading 60, usage 4.00 cubic meters.",
    "status": "sent",
    "is_read": false,
    "response_message": "",
    "created_at": "2026-04-28T12:31:30.936Z"
  }
},
{
  "model": "billing.notification",
  "pk": 279,
  "fields": {
    "recipient": [
      "secretary"
    ],
    "consumer": 1,
    "billing": 11,
    "payment": null,
    "meter_reading": 5,
    "channel": "in_app",
    "notification_type": "reading",
    "title": "New meter reading submitted",
    "message": "New meter reading for John Mark Omale: current reading 60, usage 4.00 cubic meters.",
    "status": "sent",
    "is_read": false,
    "response_message": "",
    "created_at": "2026-04-28T12:31:30.943Z"
  }
},
{
  "model": "billing.notification",
  "pk": 280,
  "fields": {
    "recipient": [
      "waterbilling"
    ],
    "consumer": 1,
    "billing": 11,
    "payment": null,
    "meter_reading": 5,
    "channel": "in_app",
    "notification_type": "reading",
    "title": "New meter reading submitted",
    "message": "New meter reading for John Mark Omale: current reading 60, usage 4.00 cubic meters.",
    "status": "sent",
    "is_read": false,
    "response_message": "",
    "created_at": "2026-04-28T12:31:30.947Z"
  }
},
{
  "model": "billing.notification",
  "pk": 281,
  "fields": {
    "recipient": [
      "waterbill"
    ],
    "consumer": 1,
    "billing": 11,
    "payment": null,
    "meter_reading": 5,
    "channel": "in_app",
    "notification_type": "reading",
    "title": "New meter reading recorded",
    "message": "Your meter reading for May 2026 has been posted. Usage: 4.00 cubic meters. Bill total: PHP 48.0000. Due date: May 21, 2026.",
    "status": "sent",
    "is_read": false,
    "response_message": "",
    "created_at": "2026-04-28T12:31:30.952Z"
  }
},
{
  "model": "billing.notification",
  "pk": 282,
  "fields": {
    "recipient": null,
    "consumer": 1,
    "billing": 11,
    "payment": null,
    "meter_reading": 5,
    "channel": "email",
    "notification_type": "reading",
    "title": "New meter reading recorded",
    "message": "Your meter reading for May 2026 has been posted. Usage: 4.00 cubic meters. Bill total: PHP 48.0000. Due date: May 21, 2026.",
    "status": "sent",
    "is_read": true,
    "response_message": "SMTP email sent to johnmarkomale200@gmail.com.",
    "created_at": "2026-04-28T12:31:35.397Z"
  }
},
{
  "model": "billing.notification",
  "pk": 283,
  "fields": {
    "recipient": null,
    "consumer": 1,
    "billing": 11,
    "payment": null,
    "meter_reading": 5,
    "channel": "sms",
    "notification_type": "reading",
    "title": "SMS Notification",
    "message": "Your meter reading for May 2026 has been posted. Usage: 4.00 cubic meters. Bill total: PHP 48.0000. Due date: May 21, 2026.",
    "status": "failed",
    "is_read": true,
    "response_message": "SMS_API_PH_API_KEY should start with sk-.",
    "created_at": "2026-04-28T12:31:35.406Z"
  }
},
{
  "model": "billing.notification",
  "pk": 284,
  "fields": {
    "recipient": null,
    "consumer": 1,
    "billing": 11,
    "payment": null,
    "meter_reading": 5,
    "channel": "email",
    "notification_type": "reading",
    "title": "New meter reading recorded",
    "message": "Your meter reading for May 2026 has been posted. Usage: 4.00 cubic meters. Bill total: PHP 48.0000. Due date: May 21, 2026.",
    "status": "sent",
    "is_read": true,
    "response_message": "SMTP email sent to johnmarkomale200@gmail.com.",
    "created_at": "2026-04-28T12:31:40.436Z"
  }
},
{
  "model": "billing.notification",
  "pk": 285,
  "fields": {
    "recipient": null,
    "consumer": 1,
    "billing": 11,
    "payment": null,
    "meter_reading": 5,
    "channel": "sms",
    "notification_type": "reading",
    "title": "SMS Notification",
    "message": "Your meter reading for May 2026 has been posted. Usage: 4.00 cubic meters. Bill total: PHP 48.0000. Due date: May 21, 2026.",
    "status": "failed",
    "is_read": true,
    "response_message": "SMS_API_PH_API_KEY should start with sk-.",
    "created_at": "2026-04-28T12:31:40.450Z"
  }
},
{
  "model": "billing.notification",
  "pk": 286,
  "fields": {
    "recipient": null,
    "consumer": null,
    "billing": null,
    "payment": null,
    "meter_reading": null,
    "channel": "sms",
    "notification_type": "admin",
    "title": "SMS Test",
    "message": "hello",
    "status": "failed",
    "is_read": true,
    "response_message": "{\"type\":\"https://developers.cloudflare.com/support/troubleshooting/http-status-codes/cloudflare-1xxx-errors/error-1010/\",\"title\":\"Error 1010: Access denied\",\"status\":403,\"detail\":\"The site owner has blocked access based on your browser's signature.\",\"instance\":\"9f38883f7800c61e\",\"error_code\":1010,\"error_name\":\"browser_signature_banned\",\"error_category\":\"access_denied\",\"ray_id\":\"9f38883f7800c61e\",\"...",
    "created_at": "2026-04-28T19:39:18.099Z"
  }
},
{
  "model": "billing.notification",
  "pk": 287,
  "fields": {
    "recipient": null,
    "consumer": null,
    "billing": null,
    "payment": null,
    "meter_reading": null,
    "channel": "sms",
    "notification_type": "admin",
    "title": "SMS Test",
    "message": "fghg",
    "status": "failed",
    "is_read": true,
    "response_message": "{\"type\":\"https://developers.cloudflare.com/support/troubleshooting/http-status-codes/cloudflare-1xxx-errors/error-1010/\",\"title\":\"Error 1010: Access denied\",\"status\":403,\"detail\":\"The site owner has blocked access based on your browser's signature.\",\"instance\":\"9f3895c24a1cfd13\",\"error_code\":1010,\"error_name\":\"browser_signature_banned\",\"error_category\":\"access_denied\",\"ray_id\":\"9f3895c24a1cfd13\",\"...",
    "created_at": "2026-04-28T19:48:31.484Z"
  }
},
{
  "model": "billing.notification",
  "pk": 288,
  "fields": {
    "recipient": null,
    "consumer": null,
    "billing": null,
    "payment": null,
    "meter_reading": null,
    "channel": "sms",
    "notification_type": "admin",
    "title": "SMS Test",
    "message": "hello",
    "status": "failed",
    "is_read": true,
    "response_message": "{\"type\":\"https://developers.cloudflare.com/support/troubleshooting/http-status-codes/cloudflare-1xxx-errors/error-1010/\",\"title\":\"Error 1010: Access denied\",\"status\":403,\"detail\":\"The site owner has blocked access based on your browser's signature.\",\"instance\":\"9f3899127e2ca28e\",\"error_code\":1010,\"error_name\":\"browser_signature_banned\",\"error_category\":\"access_denied\",\"ray_id\":\"9f3899127e2ca28e\",\"...",
    "created_at": "2026-04-28T19:50:47.262Z"
  }
},
{
  "model": "billing.notification",
  "pk": 289,
  "fields": {
    "recipient": null,
    "consumer": null,
    "billing": null,
    "payment": null,
    "meter_reading": null,
    "channel": "sms",
    "notification_type": "admin",
    "title": "SMS Test",
    "message": "wades",
    "status": "failed",
    "is_read": true,
    "response_message": "{\"type\":\"https://developers.cloudflare.com/support/troubleshooting/http-status-codes/cloudflare-1xxx-errors/error-1010/\",\"title\":\"Error 1010: Access denied\",\"status\":403,\"detail\":\"The site owner has blocked access based on your browser's signature.\",\"instance\":\"9f389b967fd6fe10\",\"error_code\":1010,\"error_name\":\"browser_signature_banned\",\"error_category\":\"access_denied\",\"ray_id\":\"9f389b967fd6fe10\",\"...",
    "created_at": "2026-04-28T19:52:30.243Z"
  }
},
{
  "model": "billing.notification",
  "pk": 290,
  "fields": {
    "recipient": null,
    "consumer": null,
    "billing": null,
    "payment": null,
    "meter_reading": null,
    "channel": "sms",
    "notification_type": "admin",
    "title": "SMS Test",
    "message": "ASD",
    "status": "failed",
    "is_read": true,
    "response_message": "Unauthenticated.",
    "created_at": "2026-04-28T19:56:41.262Z"
  }
},
{
  "model": "billing.notification",
  "pk": 291,
  "fields": {
    "recipient": null,
    "consumer": null,
    "billing": null,
    "payment": null,
    "meter_reading": null,
    "channel": "sms",
    "notification_type": "admin",
    "title": "SMS Test",
    "message": "asd",
    "status": "failed",
    "is_read": true,
    "response_message": "{\"status\":\"error\",\"message\":\"Sender ID \\\"TABUANWATER\\\" is not authorized to send this message.\"}",
    "created_at": "2026-04-28T19:58:35.488Z"
  }
},
{
  "model": "billing.notification",
  "pk": 292,
  "fields": {
    "recipient": null,
    "consumer": null,
    "billing": null,
    "payment": null,
    "meter_reading": null,
    "channel": "sms",
    "notification_type": "admin",
    "title": "SMS Test",
    "message": "dfsdf",
    "status": "sent",
    "is_read": true,
    "response_message": "SMS API PH accepted the SMS for +639525270172",
    "created_at": "2026-04-28T20:02:25.432Z"
  }
},
{
  "model": "billing.notification",
  "pk": 293,
  "fields": {
    "recipient": null,
    "consumer": 1,
    "billing": null,
    "payment": null,
    "meter_reading": null,
    "channel": "sms",
    "notification_type": "admin",
    "title": "SMS Notification",
    "message": "dear consumers",
    "status": "sent",
    "is_read": true,
    "response_message": "SMS API PH accepted the SMS for +639525270172",
    "created_at": "2026-04-28T20:03:26.259Z"
  }
},
{
  "model": "billing.notification",
  "pk": 294,
  "fields": {
    "recipient": [
      "waterbill"
    ],
    "consumer": 1,
    "billing": null,
    "payment": null,
    "meter_reading": null,
    "channel": "in_app",
    "notification_type": "admin",
    "title": "Message from the water billing office",
    "message": "dear consumers",
    "status": "sent",
    "is_read": false,
    "response_message": "",
    "created_at": "2026-04-28T20:03:26.278Z"
  }
},
{
  "model": "billing.notification",
  "pk": 295,
  "fields": {
    "recipient": null,
    "consumer": 10,
    "billing": null,
    "payment": null,
    "meter_reading": null,
    "channel": "sms",
    "notification_type": "admin",
    "title": "SMS Notification",
    "message": "dear consumers",
    "status": "sent",
    "is_read": true,
    "response_message": "SMS API PH accepted the SMS for +639683167617",
    "created_at": "2026-04-28T20:03:29.024Z"
  }
},
{
  "model": "billing.notification",
  "pk": 296,
  "fields": {
    "recipient": null,
    "consumer": 9,
    "billing": null,
    "payment": null,
    "meter_reading": null,
    "channel": "sms",
    "notification_type": "admin",
    "title": "SMS Notification",
    "message": "dear consumers",
    "status": "sent",
    "is_read": true,
    "response_message": "SMS API PH accepted the SMS for +639683167617",
    "created_at": "2026-04-28T20:03:31.685Z"
  }
},
{
  "model": "billing.notification",
  "pk": 297,
  "fields": {
    "recipient": [
      "ang"
    ],
    "consumer": 9,
    "billing": null,
    "payment": null,
    "meter_reading": null,
    "channel": "in_app",
    "notification_type": "admin",
    "title": "Message from the water billing office",
    "message": "dear consumers",
    "status": "sent",
    "is_read": false,
    "response_message": "",
    "created_at": "2026-04-28T20:03:31.704Z"
  }
},
{
  "model": "billing.notification",
  "pk": 298,
  "fields": {
    "recipient": null,
    "consumer": 7,
    "billing": null,
    "payment": null,
    "meter_reading": null,
    "channel": "sms",
    "notification_type": "admin",
    "title": "SMS Notification",
    "message": "dear consumers",
    "status": "sent",
    "is_read": true,
    "response_message": "SMS API PH accepted the SMS for +6395524797764",
    "created_at": "2026-04-28T20:03:34.449Z"
  }
},
{
  "model": "billing.notification",
  "pk": 299,
  "fields": {
    "recipient": [
      "jingky"
    ],
    "consumer": 7,
    "billing": null,
    "payment": null,
    "meter_reading": null,
    "channel": "in_app",
    "notification_type": "admin",
    "title": "Message from the water billing office",
    "message": "dear consumers",
    "status": "sent",
    "is_read": false,
    "response_message": "",
    "created_at": "2026-04-28T20:03:34.468Z"
  }
},
{
  "model": "billing.notification",
  "pk": 300,
  "fields": {
    "recipient": null,
    "consumer": 8,
    "billing": null,
    "payment": null,
    "meter_reading": null,
    "channel": "sms",
    "notification_type": "admin",
    "title": "SMS Notification",
    "message": "dear consumers",
    "status": "sent",
    "is_read": true,
    "response_message": "SMS API PH accepted the SMS for +639525270172",
    "created_at": "2026-04-28T20:03:36.601Z"
  }
},
{
  "model": "billing.notification",
  "pk": 301,
  "fields": {
    "recipient": [
      "nuique123"
    ],
    "consumer": 8,
    "billing": null,
    "payment": null,
    "meter_reading": null,
    "channel": "in_app",
    "notification_type": "admin",
    "title": "Message from the water billing office",
    "message": "dear consumers",
    "status": "sent",
    "is_read": true,
    "response_message": "",
    "created_at": "2026-04-28T20:03:36.618Z"
  }
},
{
  "model": "billing.notification",
  "pk": 302,
  "fields": {
    "recipient": [
      "john"
    ],
    "consumer": 8,
    "billing": 9,
    "payment": null,
    "meter_reading": 3,
    "channel": "in_app",
    "notification_type": "reading",
    "title": "New meter reading submitted",
    "message": "New meter reading for john mark joseph: current reading 45, usage 45 cubic meters.",
    "status": "sent",
    "is_read": false,
    "response_message": "",
    "created_at": "2026-04-28T20:08:35.464Z"
  }
},
{
  "model": "billing.notification",
  "pk": 303,
  "fields": {
    "recipient": [
      "waterbill"
    ],
    "consumer": 8,
    "billing": 9,
    "payment": null,
    "meter_reading": 3,
    "channel": "in_app",
    "notification_type": "reading",
    "title": "New meter reading submitted",
    "message": "New meter reading for john mark joseph: current reading 45, usage 45 cubic meters.",
    "status": "sent",
    "is_read": false,
    "response_message": "",
    "created_at": "2026-04-28T20:08:35.468Z"
  }
},
{
  "model": "billing.notification",
  "pk": 304,
  "fields": {
    "recipient": [
      "secretary"
    ],
    "consumer": 8,
    "billing": 9,
    "payment": null,
    "meter_reading": 3,
    "channel": "in_app",
    "notification_type": "reading",
    "title": "New meter reading submitted",
    "message": "New meter reading for john mark joseph: current reading 45, usage 45 cubic meters.",
    "status": "sent",
    "is_read": false,
    "response_message": "",
    "created_at": "2026-04-28T20:08:35.474Z"
  }
},
{
  "model": "billing.notification",
  "pk": 305,
  "fields": {
    "recipient": [
      "waterbilling"
    ],
    "consumer": 8,
    "billing": 9,
    "payment": null,
    "meter_reading": 3,
    "channel": "in_app",
    "notification_type": "reading",
    "title": "New meter reading submitted",
    "message": "New meter reading for john mark joseph: current reading 45, usage 45 cubic meters.",
    "status": "sent",
    "is_read": false,
    "response_message": "",
    "created_at": "2026-04-28T20:08:35.478Z"
  }
},
{
  "model": "billing.notification",
  "pk": 306,
  "fields": {
    "recipient": [
      "nuique123"
    ],
    "consumer": 8,
    "billing": 9,
    "payment": null,
    "meter_reading": 3,
    "channel": "in_app",
    "notification_type": "reading",
    "title": "New meter reading recorded",
    "message": "Your meter reading for April 2026 has been posted. Usage: 45 cubic meters. Bill total: PHP 540.00. Due date: May 09, 2026.",
    "status": "sent",
    "is_read": true,
    "response_message": "",
    "created_at": "2026-04-28T20:08:35.486Z"
  }
},
{
  "model": "billing.notification",
  "pk": 307,
  "fields": {
    "recipient": null,
    "consumer": 8,
    "billing": 9,
    "payment": null,
    "meter_reading": 3,
    "channel": "email",
    "notification_type": "reading",
    "title": "New meter reading recorded",
    "message": "Your meter reading for April 2026 has been posted. Usage: 45 cubic meters. Bill total: PHP 540.00. Due date: May 09, 2026.",
    "status": "sent",
    "is_read": true,
    "response_message": "SMTP email sent to johnmarkomale200@gmail.com.",
    "created_at": "2026-04-28T20:08:42.079Z"
  }
},
{
  "model": "billing.notification",
  "pk": 308,
  "fields": {
    "recipient": null,
    "consumer": 8,
    "billing": 9,
    "payment": null,
    "meter_reading": 3,
    "channel": "sms",
    "notification_type": "reading",
    "title": "SMS Notification",
    "message": "Your meter reading for April 2026 has been posted. Usage: 45 cubic meters. Bill total: PHP 540.00. Due date: May 09, 2026.",
    "status": "sent",
    "is_read": true,
    "response_message": "SMS API PH accepted the SMS for +639525270172",
    "created_at": "2026-04-28T20:08:45.076Z"
  }
},
{
  "model": "billing.notification",
  "pk": 309,
  "fields": {
    "recipient": [
      "john"
    ],
    "consumer": 8,
    "billing": 9,
    "payment": null,
    "meter_reading": 3,
    "channel": "in_app",
    "notification_type": "reading",
    "title": "New meter reading submitted",
    "message": "New meter reading for john mark joseph: current reading 14, usage 14 cubic meters.",
    "status": "sent",
    "is_read": false,
    "response_message": "",
    "created_at": "2026-04-28T20:09:44.679Z"
  }
},
{
  "model": "billing.notification",
  "pk": 310,
  "fields": {
    "recipient": [
      "waterbill"
    ],
    "consumer": 8,
    "billing": 9,
    "payment": null,
    "meter_reading": 3,
    "channel": "in_app",
    "notification_type": "reading",
    "title": "New meter reading submitted",
    "message": "New meter reading for john mark joseph: current reading 14, usage 14 cubic meters.",
    "status": "sent",
    "is_read": false,
    "response_message": "",
    "created_at": "2026-04-28T20:09:44.686Z"
  }
},
{
  "model": "billing.notification",
  "pk": 311,
  "fields": {
    "recipient": [
      "secretary"
    ],
    "consumer": 8,
    "billing": 9,
    "payment": null,
    "meter_reading": 3,
    "channel": "in_app",
    "notification_type": "reading",
    "title": "New meter reading submitted",
    "message": "New meter reading for john mark joseph: current reading 14, usage 14 cubic meters.",
    "status": "sent",
    "is_read": false,
    "response_message": "",
    "created_at": "2026-04-28T20:09:44.694Z"
  }
},
{
  "model": "billing.notification",
  "pk": 312,
  "fields": {
    "recipient": [
      "waterbilling"
    ],
    "consumer": 8,
    "billing": 9,
    "payment": null,
    "meter_reading": 3,
    "channel": "in_app",
    "notification_type": "reading",
    "title": "New meter reading submitted",
    "message": "New meter reading for john mark joseph: current reading 14, usage 14 cubic meters.",
    "status": "sent",
    "is_read": false,
    "response_message": "",
    "created_at": "2026-04-28T20:09:44.698Z"
  }
},
{
  "model": "billing.notification",
  "pk": 313,
  "fields": {
    "recipient": [
      "nuique123"
    ],
    "consumer": 8,
    "billing": 9,
    "payment": null,
    "meter_reading": 3,
    "channel": "in_app",
    "notification_type": "reading",
    "title": "New meter reading recorded",
    "message": "Your meter reading for April 2026 has been posted. Usage: 14 cubic meters. Bill total: PHP 168.00. Due date: May 02, 2026.",
    "status": "sent",
    "is_read": true,
    "response_message": "",
    "created_at": "2026-04-28T20:09:44.705Z"
  }
},
{
  "model": "billing.notification",
  "pk": 314,
  "fields": {
    "recipient": null,
    "consumer": 8,
    "billing": 9,
    "payment": null,
    "meter_reading": 3,
    "channel": "email",
    "notification_type": "reading",
    "title": "New meter reading recorded",
    "message": "Your meter reading for April 2026 has been posted. Usage: 14 cubic meters. Bill total: PHP 168.00. Due date: May 02, 2026.",
    "status": "sent",
    "is_read": true,
    "response_message": "SMTP email sent to johnmarkomale200@gmail.com.",
    "created_at": "2026-04-28T20:09:50.882Z"
  }
},
{
  "model": "billing.notification",
  "pk": 315,
  "fields": {
    "recipient": null,
    "consumer": 8,
    "billing": 9,
    "payment": null,
    "meter_reading": 3,
    "channel": "sms",
    "notification_type": "reading",
    "title": "SMS Notification",
    "message": "Your meter reading for April 2026 has been posted. Usage: 14 cubic meters. Bill total: PHP 168.00. Due date: May 02, 2026.",
    "status": "sent",
    "is_read": true,
    "response_message": "SMS API PH accepted the SMS for +639525270172",
    "created_at": "2026-04-28T20:09:53.745Z"
  }
},
{
  "model": "billing.notification",
  "pk": 316,
  "fields": {
    "recipient": null,
    "consumer": 1,
    "billing": null,
    "payment": null,
    "meter_reading": null,
    "channel": "email",
    "notification_type": "admin",
    "title": "sample",
    "message": "sdads",
    "status": "sent",
    "is_read": true,
    "response_message": "SMTP email sent to johnmarkomale200@gmail.com.",
    "created_at": "2026-04-28T20:20:45.720Z"
  }
},
{
  "model": "billing.notification",
  "pk": 317,
  "fields": {
    "recipient": [
      "waterbill"
    ],
    "consumer": 1,
    "billing": null,
    "payment": null,
    "meter_reading": null,
    "channel": "in_app",
    "notification_type": "admin",
    "title": "sample",
    "message": "sdads",
    "status": "sent",
    "is_read": false,
    "response_message": "",
    "created_at": "2026-04-28T20:20:45.729Z"
  }
},
{
  "model": "billing.notification",
  "pk": 318,
  "fields": {
    "recipient": null,
    "consumer": 10,
    "billing": null,
    "payment": null,
    "meter_reading": null,
    "channel": "email",
    "notification_type": "admin",
    "title": "sample",
    "message": "sdads",
    "status": "failed",
    "is_read": true,
    "response_message": "No email address is configured for this consumer.",
    "created_at": "2026-04-28T20:20:45.734Z"
  }
},
{
  "model": "billing.notification",
  "pk": 319,
  "fields": {
    "recipient": null,
    "consumer": 9,
    "billing": null,
    "payment": null,
    "meter_reading": null,
    "channel": "email",
    "notification_type": "admin",
    "title": "sample",
    "message": "sdads",
    "status": "sent",
    "is_read": true,
    "response_message": "SMTP email sent to angelitofeliciano143@gmail.com.",
    "created_at": "2026-04-28T20:20:50.191Z"
  }
},
{
  "model": "billing.notification",
  "pk": 320,
  "fields": {
    "recipient": [
      "ang"
    ],
    "consumer": 9,
    "billing": null,
    "payment": null,
    "meter_reading": null,
    "channel": "in_app",
    "notification_type": "admin",
    "title": "sample",
    "message": "sdads",
    "status": "sent",
    "is_read": false,
    "response_message": "",
    "created_at": "2026-04-28T20:20:50.198Z"
  }
},
{
  "model": "billing.notification",
  "pk": 321,
  "fields": {
    "recipient": null,
    "consumer": 7,
    "billing": null,
    "payment": null,
    "meter_reading": null,
    "channel": "email",
    "notification_type": "admin",
    "title": "sample",
    "message": "sdads",
    "status": "sent",
    "is_read": true,
    "response_message": "SMTP email sent to jingkysagang02@gmail.com.",
    "created_at": "2026-04-28T20:20:55.753Z"
  }
},
{
  "model": "billing.notification",
  "pk": 322,
  "fields": {
    "recipient": [
      "jingky"
    ],
    "consumer": 7,
    "billing": null,
    "payment": null,
    "meter_reading": null,
    "channel": "in_app",
    "notification_type": "admin",
    "title": "sample",
    "message": "sdads",
    "status": "sent",
    "is_read": false,
    "response_message": "",
    "created_at": "2026-04-28T20:20:55.760Z"
  }
},
{
  "model": "billing.notification",
  "pk": 323,
  "fields": {
    "recipient": null,
    "consumer": 8,
    "billing": null,
    "payment": null,
    "meter_reading": null,
    "channel": "email",
    "notification_type": "admin",
    "title": "sample",
    "message": "sdads",
    "status": "sent",
    "is_read": true,
    "response_message": "SMTP email sent to johnmarkomale200@gmail.com.",
    "created_at": "2026-04-28T20:21:01.114Z"
  }
},
{
  "model": "billing.notification",
  "pk": 324,
  "fields": {
    "recipient": [
      "nuique123"
    ],
    "consumer": 8,
    "billing": null,
    "payment": null,
    "meter_reading": null,
    "channel": "in_app",
    "notification_type": "admin",
    "title": "sample",
    "message": "sdads",
    "status": "sent",
    "is_read": true,
    "response_message": "",
    "created_at": "2026-04-28T20:21:01.120Z"
  }
},
{
  "model": "billing.notification",
  "pk": 325,
  "fields": {
    "recipient": [
      "nuique123"
    ],
    "consumer": 8,
    "billing": 9,
    "payment": 11,
    "meter_reading": null,
    "channel": "in_app",
    "notification_type": "payment",
    "title": "Payment status update",
    "message": "Tabuan Water Billing System\nSystem v1.26 | 2026 | Created by Omale J. Ohn\n\nPayment Confirmation\nDear john mark joseph, this confirms the latest status of your water billing payment.\n\nDetails:\n- Covered Month: April 2026\n- Payment Date: April 29, 2026\n- Payment Method: Online Payment\n- Payment Status: Completed\n- Reference Number: -\n- Discount Applied: PHP 0\n\nAMOUNT PAID: PHP 500\n\nPlease keep this confirmation for your records.\n\nThank you for your prompt attention.",
    "status": "sent",
    "is_read": true,
    "response_message": "",
    "created_at": "2026-04-28T20:44:24.369Z"
  }
},
{
  "model": "billing.notification",
  "pk": 326,
  "fields": {
    "recipient": null,
    "consumer": 8,
    "billing": 9,
    "payment": 11,
    "meter_reading": null,
    "channel": "email",
    "notification_type": "payment",
    "title": "Payment status update",
    "message": "Tabuan Water Billing System\nSystem v1.26 | 2026 | Created by Omale J. Ohn\n\nPayment Confirmation\nDear john mark joseph, this confirms the latest status of your water billing payment.\n\nDetails:\n- Covered Month: April 2026\n- Payment Date: April 29, 2026\n- Payment Method: Online Payment\n- Payment Status: Completed\n- Reference Number: -\n- Discount Applied: PHP 0\n\nAMOUNT PAID: PHP 500\n\nPlease keep this confirmation for your records.\n\nThank you for your prompt attention.",
    "status": "sent",
    "is_read": true,
    "response_message": "SMTP email sent to johnmarkomale200@gmail.com.",
    "created_at": "2026-04-28T20:44:29.997Z"
  }
},
{
  "model": "billing.notification",
  "pk": 327,
  "fields": {
    "recipient": null,
    "consumer": 8,
    "billing": 9,
    "payment": 11,
    "meter_reading": null,
    "channel": "sms",
    "notification_type": "payment",
    "title": "SMS Notification",
    "message": "Tabuan Water Billing: Payment for April 2026 is completed. Amount PHP 500. Ref: -",
    "status": "sent",
    "is_read": true,
    "response_message": "SMS API PH accepted the SMS for +639525270172",
    "created_at": "2026-04-28T20:44:32.994Z"
  }
},
{
  "model": "billing.notification",
  "pk": 328,
  "fields": {
    "recipient": [
      "john"
    ],
    "consumer": 8,
    "billing": 9,
    "payment": null,
    "meter_reading": 3,
    "channel": "in_app",
    "notification_type": "reading",
    "title": "New meter reading submitted",
    "message": "New meter reading for john mark joseph: current reading 12, usage 12 cubic meters.",
    "status": "sent",
    "is_read": false,
    "response_message": "",
    "created_at": "2026-04-28T20:58:49.480Z"
  }
},
{
  "model": "billing.notification",
  "pk": 329,
  "fields": {
    "recipient": [
      "waterbill"
    ],
    "consumer": 8,
    "billing": 9,
    "payment": null,
    "meter_reading": 3,
    "channel": "in_app",
    "notification_type": "reading",
    "title": "New meter reading submitted",
    "message": "New meter reading for john mark joseph: current reading 12, usage 12 cubic meters.",
    "status": "sent",
    "is_read": false,
    "response_message": "",
    "created_at": "2026-04-28T20:58:49.486Z"
  }
},
{
  "model": "billing.notification",
  "pk": 330,
  "fields": {
    "recipient": [
      "secretary"
    ],
    "consumer": 8,
    "billing": 9,
    "payment": null,
    "meter_reading": 3,
    "channel": "in_app",
    "notification_type": "reading",
    "title": "New meter reading submitted",
    "message": "New meter reading for john mark joseph: current reading 12, usage 12 cubic meters.",
    "status": "sent",
    "is_read": false,
    "response_message": "",
    "created_at": "2026-04-28T20:58:49.491Z"
  }
},
{
  "model": "billing.notification",
  "pk": 331,
  "fields": {
    "recipient": [
      "waterbilling"
    ],
    "consumer": 8,
    "billing": 9,
    "payment": null,
    "meter_reading": 3,
    "channel": "in_app",
    "notification_type": "reading",
    "title": "New meter reading submitted",
    "message": "New meter reading for john mark joseph: current reading 12, usage 12 cubic meters.",
    "status": "sent",
    "is_read": false,
    "response_message": "",
    "created_at": "2026-04-28T20:58:49.495Z"
  }
},
{
  "model": "billing.notification",
  "pk": 332,
  "fields": {
    "recipient": [
      "nuique123"
    ],
    "consumer": 8,
    "billing": 9,
    "payment": null,
    "meter_reading": 3,
    "channel": "in_app",
    "notification_type": "reading",
    "title": "New meter reading recorded",
    "message": "Tabuan Water Billing System\nSystem v1.26 | 2026 | Created by Omale J. Ohn\n\nMeter Reading Statement\nDear john mark joseph, your latest meter reading has been posted and your billing record has been updated.\n\nDetails:\n- Billing Month: April 2026\n- Previous Reading: 0 m3\n- Current Reading: 12 m3\n- Usage: 12 m3\n- Due Date: May 15, 2026\n\nTOTAL DUE: PHP 144.00\n\nPlease settle your bill on or before the due date to avoid penalties.\n\nThank you for your prompt attention.",
    "status": "sent",
    "is_read": true,
    "response_message": "",
    "created_at": "2026-04-28T20:58:49.501Z"
  }
},
{
  "model": "billing.notification",
  "pk": 333,
  "fields": {
    "recipient": null,
    "consumer": 8,
    "billing": 9,
    "payment": null,
    "meter_reading": 3,
    "channel": "email",
    "notification_type": "reading",
    "title": "New meter reading recorded",
    "message": "Tabuan Water Billing System\nSystem v1.26 | 2026 | Created by Omale J. Ohn\n\nMeter Reading Statement\nDear john mark joseph, your latest meter reading has been posted and your billing record has been updated.\n\nDetails:\n- Billing Month: April 2026\n- Previous Reading: 0 m3\n- Current Reading: 12 m3\n- Usage: 12 m3\n- Due Date: May 15, 2026\n\nTOTAL DUE: PHP 144.00\n\nPlease settle your bill on or before the due date to avoid penalties.\n\nThank you for your prompt attention.",
    "status": "sent",
    "is_read": true,
    "response_message": "SMTP email sent to johnmarkomale200@gmail.com.",
    "created_at": "2026-04-28T20:58:54.918Z"
  }
},
{
  "model": "billing.notification",
  "pk": 334,
  "fields": {
    "recipient": null,
    "consumer": 8,
    "billing": 9,
    "payment": null,
    "meter_reading": 3,
    "channel": "sms",
    "notification_type": "reading",
    "title": "SMS Notification",
    "message": "Tabuan Water Billing: Reading posted for Apr 2026. Usage 12 m3. Amount due PHP 144.00. Due May 15, 2026.",
    "status": "sent",
    "is_read": true,
    "response_message": "SMS API PH accepted the SMS for +639525270172",
    "created_at": "2026-04-28T20:58:58.044Z"
  }
},
{
  "model": "billing.notification",
  "pk": 335,
  "fields": {
    "recipient": [
      "nuique123"
    ],
    "consumer": 8,
    "billing": null,
    "payment": 12,
    "meter_reading": null,
    "channel": "in_app",
    "notification_type": "payment",
    "title": "Payment status update",
    "message": "Tabuan Water Billing System\nSystem v1.26 | 2026 | Created by Omale J. Ohn\n\nPayment Confirmation\nDear john mark joseph, this confirms the latest status of your water billing payment.\n\nDetails:\n- Covered Month: May 2026\n- Payment Date: April 29, 2026\n- Payment Method: Online Payment\n- Payment Option: Full Payment\n- Payment Status: Failed\n- Reference Number: -\n- Discount Applied: PHP 0\n\nAMOUNT PAID: PHP 0\n\nPlease keep this confirmation for your records.\n\nThank you for your prompt attention.",
    "status": "sent",
    "is_read": true,
    "response_message": "",
    "created_at": "2026-04-28T21:00:18.375Z"
  }
},
{
  "model": "billing.notification",
  "pk": 336,
  "fields": {
    "recipient": null,
    "consumer": 8,
    "billing": null,
    "payment": 12,
    "meter_reading": null,
    "channel": "email",
    "notification_type": "payment",
    "title": "Payment status update",
    "message": "Tabuan Water Billing System\nSystem v1.26 | 2026 | Created by Omale J. Ohn\n\nPayment Confirmation\nDear john mark joseph, this confirms the latest status of your water billing payment.\n\nDetails:\n- Covered Month: May 2026\n- Payment Date: April 29, 2026\n- Payment Method: Online Payment\n- Payment Option: Full Payment\n- Payment Status: Failed\n- Reference Number: -\n- Discount Applied: PHP 0\n\nAMOUNT PAID: PHP 0\n\nPlease keep this confirmation for your records.\n\nThank you for your prompt attention.",
    "status": "sent",
    "is_read": true,
    "response_message": "SMTP email sent to johnmarkomale200@gmail.com.",
    "created_at": "2026-04-28T21:00:23.337Z"
  }
},
{
  "model": "billing.notification",
  "pk": 337,
  "fields": {
    "recipient": null,
    "consumer": 8,
    "billing": null,
    "payment": 12,
    "meter_reading": null,
    "channel": "sms",
    "notification_type": "payment",
    "title": "SMS Notification",
    "message": "Tabuan Water Billing: Payment for May 2026 is failed. Full Payment. Amount PHP 0. Ref: -",
    "status": "sent",
    "is_read": true,
    "response_message": "SMS API PH accepted the SMS for +639525270172",
    "created_at": "2026-04-28T21:00:26.438Z"
  }
},
{
  "model": "billing.notification",
  "pk": 338,
  "fields": {
    "recipient": [
      "ang"
    ],
    "consumer": 9,
    "billing": 7,
    "payment": 13,
    "meter_reading": null,
    "channel": "in_app",
    "notification_type": "payment",
    "title": "Payment status update",
    "message": "Tabuan Water Billing System\nSystem v1.26 | 2026 | Created by Omale J Ohn\n\nPayment Confirmation\nDear angelito, this confirms the latest status of your water billing payment.\n\nDetails:\n- Covered Month: April 2026\n- Payment Date: April 29, 2026\n- Payment Method: Cash\n- Payment Option: Partial Payment\n- Payment Status: Completed\n- Reference Number: -\n- Discount Applied: PHP 0\n\nAMOUNT PAID: PHP 840.00\n\nPlease keep this confirmation for your records.\n\nThank you for Choosing Tabuan Water Billing.",
    "status": "sent",
    "is_read": false,
    "response_message": "",
    "created_at": "2026-04-29T01:40:20.023Z"
  }
},
{
  "model": "billing.notification",
  "pk": 339,
  "fields": {
    "recipient": null,
    "consumer": 9,
    "billing": 7,
    "payment": 13,
    "meter_reading": null,
    "channel": "email",
    "notification_type": "payment",
    "title": "Payment status update",
    "message": "Tabuan Water Billing System\nSystem v1.26 | 2026 | Created by Omale J Ohn\n\nPayment Confirmation\nDear angelito, this confirms the latest status of your water billing payment.\n\nDetails:\n- Covered Month: April 2026\n- Payment Date: April 29, 2026\n- Payment Method: Cash\n- Payment Option: Partial Payment\n- Payment Status: Completed\n- Reference Number: -\n- Discount Applied: PHP 0\n\nAMOUNT PAID: PHP 840.00\n\nPlease keep this confirmation for your records.\n\nThank you for Choosing Tabuan Water Billing.",
    "status": "sent",
    "is_read": true,
    "response_message": "SMTP email sent to angelitofeliciano143@gmail.com.",
    "created_at": "2026-04-29T01:40:25.952Z"
  }
},
{
  "model": "billing.notification",
  "pk": 340,
  "fields": {
    "recipient": null,
    "consumer": 9,
    "billing": 7,
    "payment": 13,
    "meter_reading": null,
    "channel": "sms",
    "notification_type": "payment",
    "title": "SMS Notification",
    "message": "Tabuan Water Billing: Payment for April 2026 is completed. Partial Payment. Amount PHP 840.00. Ref: -",
    "status": "sent",
    "is_read": true,
    "response_message": "SMS API PH accepted the SMS for +639683167617",
    "created_at": "2026-04-29T01:40:28.869Z"
  }
},
{
  "model": "billing.notification",
  "pk": 341,
  "fields": {
    "recipient": [
      "john"
    ],
    "consumer": 10,
    "billing": 12,
    "payment": null,
    "meter_reading": 6,
    "channel": "in_app",
    "notification_type": "reading",
    "title": "New meter reading submitted",
    "message": "New meter reading for angelita Omale: current reading 15, usage 15 cubic meters.",
    "status": "sent",
    "is_read": false,
    "response_message": "",
    "created_at": "2026-04-29T01:40:50.601Z"
  }
},
{
  "model": "billing.notification",
  "pk": 342,
  "fields": {
    "recipient": [
      "waterbill"
    ],
    "consumer": 10,
    "billing": 12,
    "payment": null,
    "meter_reading": 6,
    "channel": "in_app",
    "notification_type": "reading",
    "title": "New meter reading submitted",
    "message": "New meter reading for angelita Omale: current reading 15, usage 15 cubic meters.",
    "status": "sent",
    "is_read": false,
    "response_message": "",
    "created_at": "2026-04-29T01:40:50.605Z"
  }
},
{
  "model": "billing.notification",
  "pk": 343,
  "fields": {
    "recipient": [
      "secretary"
    ],
    "consumer": 10,
    "billing": 12,
    "payment": null,
    "meter_reading": 6,
    "channel": "in_app",
    "notification_type": "reading",
    "title": "New meter reading submitted",
    "message": "New meter reading for angelita Omale: current reading 15, usage 15 cubic meters.",
    "status": "sent",
    "is_read": false,
    "response_message": "",
    "created_at": "2026-04-29T01:40:50.609Z"
  }
},
{
  "model": "billing.notification",
  "pk": 344,
  "fields": {
    "recipient": [
      "waterbilling"
    ],
    "consumer": 10,
    "billing": 12,
    "payment": null,
    "meter_reading": 6,
    "channel": "in_app",
    "notification_type": "reading",
    "title": "New meter reading submitted",
    "message": "New meter reading for angelita Omale: current reading 15, usage 15 cubic meters.",
    "status": "sent",
    "is_read": false,
    "response_message": "",
    "created_at": "2026-04-29T01:40:50.613Z"
  }
},
{
  "model": "billing.notification",
  "pk": 345,
  "fields": {
    "recipient": null,
    "consumer": 10,
    "billing": 12,
    "payment": null,
    "meter_reading": 6,
    "channel": "email",
    "notification_type": "reading",
    "title": "New meter reading recorded",
    "message": "Tabuan Water Billing System\nSystem v1.26 | 2026 | Created by Omale J Ohn\n\nMeter Reading Statement\nDear angelita Omale, your latest meter reading has been posted and your billing record has been updated.\n\nDetails:\n- Billing Month: April 2026\n- Previous Reading: 0 m3\n- Current Reading: 15 m3\n- Usage: 15 m3\n- Due Date: May 14, 2026\n\nTOTAL DUE: PHP 180.00\n\nPlease settle your bill on or before the due date to avoid penalties.\n\nThank you for Choosing Tabuan Water Billing.",
    "status": "failed",
    "is_read": true,
    "response_message": "No email address is configured for this consumer.",
    "created_at": "2026-04-29T01:40:50.616Z"
  }
},
{
  "model": "billing.notification",
  "pk": 346,
  "fields": {
    "recipient": null,
    "consumer": 10,
    "billing": 12,
    "payment": null,
    "meter_reading": 6,
    "channel": "sms",
    "notification_type": "reading",
    "title": "SMS Notification",
    "message": "Tabuan Water Billing: Reading posted for Apr 2026. Usage 15 m3. Amount due PHP 180.00. Due May 14, 2026.",
    "status": "sent",
    "is_read": true,
    "response_message": "SMS API PH accepted the SMS for +639683167617",
    "created_at": "2026-04-29T01:40:53.274Z"
  }
},
{
  "model": "billing.notification",
  "pk": 347,
  "fields": {
    "recipient": null,
    "consumer": 1,
    "billing": null,
    "payment": null,
    "meter_reading": null,
    "channel": "sms",
    "notification_type": "admin",
    "title": "SMS Notification",
    "message": "we noticed that your waterbill is overdue please pay at the website or in personal to avoid penalties.thank you",
    "status": "sent",
    "is_read": true,
    "response_message": "SMS API PH accepted the SMS for +639525270172",
    "created_at": "2026-04-29T02:23:57.191Z"
  }
},
{
  "model": "billing.notification",
  "pk": 348,
  "fields": {
    "recipient": [
      "waterbill"
    ],
    "consumer": 1,
    "billing": null,
    "payment": null,
    "meter_reading": null,
    "channel": "in_app",
    "notification_type": "admin",
    "title": "Message from the water billing office",
    "message": "we noticed that your waterbill is overdue please pay at the website or in personal to avoid penalties.thank you",
    "status": "sent",
    "is_read": false,
    "response_message": "",
    "created_at": "2026-04-29T02:23:57.199Z"
  }
},
{
  "model": "billing.smsblast",
  "pk": 1,
  "fields": {
    "sent_by": [
      "waterbilling"
    ],
    "audience": "overdue",
    "message": "hello",
    "provider": "twilio",
    "status": "failed",
    "total_recipients": 1,
    "sent_count": 0,
    "failed_count": 1,
    "recipients_snapshot": "John Mark Omale",
    "created_at": "2026-04-21T07:40:22.777Z",
    "sent_at": "2026-04-21T07:40:22.802Z"
  }
},
{
  "model": "billing.smsblast",
  "pk": 2,
  "fields": {
    "sent_by": [
      "waterbilling"
    ],
    "audience": "all_active",
    "message": "kaJDLKASJKASALFJASKLJFKLASJ",
    "provider": "twilio",
    "status": "failed",
    "total_recipients": 3,
    "sent_count": 0,
    "failed_count": 3,
    "recipients_snapshot": "John Mark Omale, jingkysagang, john mark joseph",
    "created_at": "2026-04-21T09:16:40.605Z",
    "sent_at": "2026-04-21T09:16:40.679Z"
  }
},
{
  "model": "billing.smsblast",
  "pk": 3,
  "fields": {
    "sent_by": [
      "waterbilling"
    ],
    "audience": "all_active",
    "message": "dsd",
    "provider": "twilio",
    "status": "failed",
    "total_recipients": 3,
    "sent_count": 0,
    "failed_count": 3,
    "recipients_snapshot": "John Mark Omale, jingkysagang, john mark joseph",
    "created_at": "2026-04-21T22:34:58.472Z",
    "sent_at": "2026-04-21T22:34:58.526Z"
  }
},
{
  "model": "billing.smsblast",
  "pk": 4,
  "fields": {
    "sent_by": [
      "waterbill"
    ],
    "audience": "all_active",
    "message": "fsdfsdf",
    "provider": "sms_api_ph",
    "status": "failed",
    "total_recipients": 3,
    "sent_count": 0,
    "failed_count": 3,
    "recipients_snapshot": "John Mark Omale, jingkysagang, john mark joseph",
    "created_at": "2026-04-25T19:28:52.769Z",
    "sent_at": "2026-04-25T19:28:52.834Z"
  }
},
{
  "model": "billing.smsblast",
  "pk": 5,
  "fields": {
    "sent_by": [
      "waterbill"
    ],
    "audience": "all_active",
    "message": "vbvb",
    "provider": "sms_api_ph",
    "status": "failed",
    "total_recipients": 3,
    "sent_count": 0,
    "failed_count": 3,
    "recipients_snapshot": "John Mark Omale, jingkysagang, john mark joseph",
    "created_at": "2026-04-25T19:30:11.379Z",
    "sent_at": "2026-04-25T19:30:16.809Z"
  }
},
{
  "model": "billing.smsblast",
  "pk": 6,
  "fields": {
    "sent_by": [
      "waterbill"
    ],
    "audience": "all_active",
    "message": "cvbcvbcvhcghdfghfgdhfghfghfg",
    "provider": "sms_api_ph",
    "status": "sent",
    "total_recipients": 3,
    "sent_count": 1,
    "failed_count": 2,
    "recipients_snapshot": "John Mark Omale, jingkysagang, john mark joseph",
    "created_at": "2026-04-25T19:31:35.391Z",
    "sent_at": "2026-04-25T19:31:44.569Z"
  }
},
{
  "model": "billing.smsblast",
  "pk": 7,
  "fields": {
    "sent_by": [
      "waterbilling"
    ],
    "audience": "all_active",
    "message": "wqewrwerwerw",
    "provider": "sms_api_ph",
    "status": "sent",
    "total_recipients": 3,
    "sent_count": 1,
    "failed_count": 2,
    "recipients_snapshot": "John Mark Omale, jingkysagang, john mark joseph",
    "created_at": "2026-04-25T21:09:51.157Z",
    "sent_at": "2026-04-25T21:10:25.955Z"
  }
},
{
  "model": "billing.smsblast",
  "pk": 8,
  "fields": {
    "sent_by": [
      "waterbilling"
    ],
    "audience": "all_active",
    "message": "sadasdfasdfsdfsdf",
    "provider": "sms_api_ph",
    "status": "sent",
    "total_recipients": 3,
    "sent_count": 1,
    "failed_count": 2,
    "recipients_snapshot": "John Mark Omale, jingkysagang, john mark joseph",
    "created_at": "2026-04-25T21:23:34.902Z",
    "sent_at": "2026-04-25T21:23:45.435Z"
  }
},
{
  "model": "billing.smsblast",
  "pk": 9,
  "fields": {
    "sent_by": [
      "waterbilling"
    ],
    "audience": "all_active",
    "message": "asfsdfsdfgsdgfdsfgfdg",
    "provider": "sms_api_ph",
    "status": "sent",
    "total_recipients": 3,
    "sent_count": 1,
    "failed_count": 2,
    "recipients_snapshot": "John Mark Omale, jingkysagang, john mark joseph",
    "created_at": "2026-04-25T21:28:21.218Z",
    "sent_at": "2026-04-25T21:28:30.905Z"
  }
},
{
  "model": "billing.smsblast",
  "pk": 10,
  "fields": {
    "sent_by": [
      "waterbilling"
    ],
    "audience": "all_active",
    "message": "dfgdfgdfgdfgdfgdf",
    "provider": "sms_api_ph",
    "status": "sent",
    "total_recipients": 3,
    "sent_count": 1,
    "failed_count": 2,
    "recipients_snapshot": "John Mark Omale, jingkysagang, john mark joseph",
    "created_at": "2026-04-25T21:30:51.699Z",
    "sent_at": "2026-04-25T21:31:00.191Z"
  }
},
{
  "model": "billing.smsblast",
  "pk": 11,
  "fields": {
    "sent_by": [
      "waterbilling"
    ],
    "audience": "all_active",
    "message": "ssdfgfdgdfg",
    "provider": "sms_api_ph",
    "status": "sent",
    "total_recipients": 3,
    "sent_count": 1,
    "failed_count": 2,
    "recipients_snapshot": "John Mark Omale, jingkysagang, john mark joseph",
    "created_at": "2026-04-25T21:31:34.108Z",
    "sent_at": "2026-04-25T21:31:41.948Z"
  }
},
{
  "model": "billing.smsblast",
  "pk": 12,
  "fields": {
    "sent_by": [
      "waterbilling"
    ],
    "audience": "all_active",
    "message": "asdfsdfsdfsdfsd",
    "provider": "sms_api_ph",
    "status": "sent",
    "total_recipients": 3,
    "sent_count": 1,
    "failed_count": 2,
    "recipients_snapshot": "John Mark Omale, jingkysagang, john mark joseph",
    "created_at": "2026-04-25T21:32:16.324Z",
    "sent_at": "2026-04-25T21:32:24.573Z"
  }
},
{
  "model": "billing.smsblast",
  "pk": 13,
  "fields": {
    "sent_by": [
      "waterbilling"
    ],
    "audience": "all_active",
    "message": "dear consumers",
    "provider": "sms_api_ph",
    "status": "sent",
    "total_recipients": 5,
    "sent_count": 5,
    "failed_count": 0,
    "recipients_snapshot": "John Mark Omale, angelita Omale, angelito, jingkysagang, john mark joseph",
    "created_at": "2026-04-28T20:03:23.290Z",
    "sent_at": "2026-04-28T20:03:36.628Z"
  }
},
{
  "model": "billing.smsblast",
  "pk": 14,
  "fields": {
    "sent_by": [
      "secretary"
    ],
    "audience": "overdue",
    "message": "we noticed that your waterbill is overdue please pay at the website or in personal to avoid penalties.thank you",
    "provider": "sms_api_ph",
    "status": "sent",
    "total_recipients": 1,
    "sent_count": 1,
    "failed_count": 0,
    "recipients_snapshot": "John Mark Omale",
    "created_at": "2026-04-29T02:23:52.855Z",
    "sent_at": "2026-04-29T02:23:57.204Z"
  }
},
{
  "model": "billing.auditlog",
  "pk": 1,
  "fields": {
    "user": [
      "secretary"
    ],
    "role": "secretary",
    "action": "Sent email blast",
    "target": "all_active",
    "details": "Sent 4; failed 0.",
    "created_at": "2026-04-28T12:18:19.536Z"
  }
},
{
  "model": "billing.auditlog",
  "pk": 2,
  "fields": {
    "user": [
      "secretary"
    ],
    "role": "secretary",
    "action": "Exported monthly report",
    "target": "2026-04",
    "details": "",
    "created_at": "2026-04-28T12:18:54.565Z"
  }
},
{
  "model": "billing.auditlog",
  "pk": 3,
  "fields": {
    "user": [
      "waterbilling"
    ],
    "role": "admin",
    "action": "Sent SMS test",
    "target": "+639525270172",
    "details": "Failed",
    "created_at": "2026-04-28T19:39:18.121Z"
  }
},
{
  "model": "billing.auditlog",
  "pk": 4,
  "fields": {
    "user": [
      "waterbilling"
    ],
    "role": "admin",
    "action": "Sent SMS test",
    "target": "+639525270172",
    "details": "Failed",
    "created_at": "2026-04-28T19:48:31.505Z"
  }
},
{
  "model": "billing.auditlog",
  "pk": 5,
  "fields": {
    "user": [
      "waterbilling"
    ],
    "role": "admin",
    "action": "Sent SMS test",
    "target": "+639525270172",
    "details": "Failed",
    "created_at": "2026-04-28T19:50:47.287Z"
  }
},
{
  "model": "billing.auditlog",
  "pk": 6,
  "fields": {
    "user": [
      "waterbilling"
    ],
    "role": "admin",
    "action": "Sent SMS test",
    "target": "+639525270172",
    "details": "Failed",
    "created_at": "2026-04-28T19:52:30.259Z"
  }
},
{
  "model": "billing.auditlog",
  "pk": 7,
  "fields": {
    "user": [
      "waterbilling"
    ],
    "role": "admin",
    "action": "Sent SMS test",
    "target": "+639525270172",
    "details": "Failed",
    "created_at": "2026-04-28T19:56:41.282Z"
  }
},
{
  "model": "billing.auditlog",
  "pk": 8,
  "fields": {
    "user": [
      "waterbilling"
    ],
    "role": "admin",
    "action": "Sent SMS test",
    "target": "+639525270172",
    "details": "Failed",
    "created_at": "2026-04-28T19:58:35.505Z"
  }
},
{
  "model": "billing.auditlog",
  "pk": 9,
  "fields": {
    "user": [
      "waterbilling"
    ],
    "role": "admin",
    "action": "Sent SMS test",
    "target": "+639525270172",
    "details": "Sent",
    "created_at": "2026-04-28T20:02:25.442Z"
  }
},
{
  "model": "billing.auditlog",
  "pk": 10,
  "fields": {
    "user": [
      "waterbilling"
    ],
    "role": "admin",
    "action": "Sent SMS blast",
    "target": "All Active Consumers",
    "details": "Sent 5; failed 0.",
    "created_at": "2026-04-28T20:03:36.638Z"
  }
},
{
  "model": "billing.auditlog",
  "pk": 11,
  "fields": {
    "user": [
      "waterbilling"
    ],
    "role": "admin",
    "action": "Sent email blast",
    "target": "all_active",
    "details": "Sent 4; failed 1.",
    "created_at": "2026-04-28T20:21:01.126Z"
  }
},
{
  "model": "billing.auditlog",
  "pk": 12,
  "fields": {
    "user": [
      "waterbilling"
    ],
    "role": "admin",
    "action": "Generated statement of account PDF",
    "target": "all-consumers 2026-04",
    "details": "",
    "created_at": "2026-04-28T20:27:14.842Z"
  }
},
{
  "model": "billing.auditlog",
  "pk": 13,
  "fields": {
    "user": [
      "waterbilling"
    ],
    "role": "admin",
    "action": "Recorded payment",
    "target": "john mark joseph",
    "details": "Payment #11 for PHP 500 marked Completed.",
    "created_at": "2026-04-28T20:44:33.012Z"
  }
},
{
  "model": "billing.auditlog",
  "pk": 14,
  "fields": {
    "user": [
      "treasurer"
    ],
    "role": "treasurer",
    "action": "Generated statement of account PDF",
    "target": "all-consumers 2026-04",
    "details": "",
    "created_at": "2026-04-28T23:11:11.113Z"
  }
},
{
  "model": "billing.auditlog",
  "pk": 15,
  "fields": {
    "user": [
      "treasurer"
    ],
    "role": "treasurer",
    "action": "Recorded payment",
    "target": "angelito",
    "details": "Payment #13 for PHP 840.00 marked Completed.",
    "created_at": "2026-04-29T01:40:28.881Z"
  }
},
{
  "model": "billing.auditlog",
  "pk": 16,
  "fields": {
    "user": [
      "secretary"
    ],
    "role": "secretary",
    "action": "Sent SMS blast",
    "target": "Consumers With Overdue Bills",
    "details": "Sent 1; failed 0.",
    "created_at": "2026-04-29T02:23:57.209Z"
  }
},
{
  "model": "billing.auditlog",
  "pk": 17,
  "fields": {
    "user": [
      "secretary"
    ],
    "role": "secretary",
    "action": "Generated statement of account PDF",
    "target": "all-consumers 2026-04",
    "details": "",
    "created_at": "2026-04-29T02:28:26.704Z"
  }
},
{
  "model": "billing.auditlog",
  "pk": 18,
  "fields": {
    "user": [
      "treasurer"
    ],
    "role": "treasurer",
    "action": "Generated statement of account PDF",
    "target": "all-consumers 2026-04",
    "details": "",
    "created_at": "2026-04-29T02:40:07.087Z"
  }
},
{
  "model": "admin.logentry",
  "pk": 1,
  "fields": {
    "action_time": "2026-04-21T05:59:08.612Z",
    "user": [
      "waterbill"
    ],
    "content_type": [
      "billing",
      "consumerprofile"
    ],
    "object_id": "1",
    "object_repr": "John Mark Omale",
    "action_flag": 1,
    "change_message": "[{\"added\": {}}]"
  }
},
{
  "model": "admin.logentry",
  "pk": 2,
  "fields": {
    "action_time": "2026-04-21T05:59:19.675Z",
    "user": [
      "waterbill"
    ],
    "content_type": [
      "billing",
      "consumer"
    ],
    "object_id": "1",
    "object_repr": "001 - John Mark Omale",
    "action_flag": 1,
    "change_message": "[{\"added\": {}}]"
  }
},
{
  "model": "admin.logentry",
  "pk": 3,
  "fields": {
    "action_time": "2026-04-21T06:00:27.523Z",
    "user": [
      "waterbill"
    ],
    "content_type": [
      "billing",
      "payment"
    ],
    "object_id": "1",
    "object_repr": "John Mark Omale - 500",
    "action_flag": 1,
    "change_message": "[{\"added\": {}}]"
  }
},
{
  "model": "admin.logentry",
  "pk": 4,
  "fields": {
    "action_time": "2026-04-21T06:00:33.276Z",
    "user": [
      "waterbill"
    ],
    "content_type": [
      "billing",
      "payment"
    ],
    "object_id": "1",
    "object_repr": "John Mark Omale - 500.00",
    "action_flag": 2,
    "change_message": "[]"
  }
},
{
  "model": "admin.logentry",
  "pk": 5,
  "fields": {
    "action_time": "2026-04-25T19:42:34.281Z",
    "user": [
      "waterbill"
    ],
    "content_type": [
      "billing",
      "payment"
    ],
    "object_id": "4",
    "object_repr": "john mark joseph - 10000.00",
    "action_flag": 2,
    "change_message": "[{\"changed\": {\"fields\": [\"Status\"]}}]"
  }
},
{
  "model": "admin.logentry",
  "pk": 6,
  "fields": {
    "action_time": "2026-04-25T19:42:42.879Z",
    "user": [
      "waterbill"
    ],
    "content_type": [
      "billing",
      "payment"
    ],
    "object_id": "3",
    "object_repr": "john mark joseph - 10000.00",
    "action_flag": 2,
    "change_message": "[{\"changed\": {\"fields\": [\"Status\"]}}]"
  }
},
{
  "model": "admin.logentry",
  "pk": 7,
  "fields": {
    "action_time": "2026-04-25T19:42:51.892Z",
    "user": [
      "waterbill"
    ],
    "content_type": [
      "billing",
      "payment"
    ],
    "object_id": "4",
    "object_repr": "john mark joseph - 10000.00",
    "action_flag": 2,
    "change_message": "[{\"changed\": {\"fields\": [\"Status\"]}}]"
  }
},
{
  "model": "admin.logentry",
  "pk": 8,
  "fields": {
    "action_time": "2026-04-25T19:43:02.535Z",
    "user": [
      "waterbill"
    ],
    "content_type": [
      "billing",
      "payment"
    ],
    "object_id": "3",
    "object_repr": "john mark joseph - 10000.00",
    "action_flag": 2,
    "change_message": "[{\"changed\": {\"fields\": [\"Status\"]}}]"
  }
}
]
